id,danceability,energy,key,loudness,mode,speechiness,acousticness,instrumentalness,liveness,valence,tempo,duration_ms,time_signature,explicit,popularity,release_date,album_id,album_name,track_number,preview_url
35NkPKSmtu6lCht95nukpr,0.723,0.631,8,-7.302,0,0.49,0.1,0.0,0.289,0.486,159.913,158971,4,True,54,2023-04-07,42wum3mrRoMbV9QoZqpIZK,WTF (feat. Nicki Minaj),1,
0Ke17Xm0lk1flqdkFW3bqs,0.557,0.664,8,-6.113,1,0.0406,0.161,0.0,0.128,0.189,123.047,183400,4,False,55,2023-05-12,1YV5gnob3qCnMQuVomwGwG,Love Again (Soundtrack from the Motion Picture),2,https://p.scdn.co/mp3-preview/0466c6c4b4201400d4731c471db939a04823ae3c?cid=29942d75c20b46b9b01eb4cd31edff20
3ZxFwvVCknVHJXiURDE5BW,0.591,0.762,1,-4.855,1,0.0285,0.00156,0.0,0.329,0.645,93.979,160253,4,False,53,2023-04-28,2WSeZEFsZKPJQ09abZCIaz,NATE SMITH (DELUXE),2,https://p.scdn.co/mp3-preview/62c38a5302e4f59e175c5a4f7b51cb3fbeebccd1?cid=29942d75c20b46b9b01eb4cd31edff20
12usPU2WnqgCHAW1EK2dfd,0.479,0.898,1,-4.809,1,0.169,0.0134,0.0,0.297,0.639,151.99,196467,4,False,85,2023-07-07,4QjNVlIw8Rx6jItSZtn2VS,青のすみか,1,https://p.scdn.co/mp3-preview/f70c128ef08dda2b1a5d2ed9e996358fb1656634?cid=29942d75c20b46b9b01eb4cd31edff20
3GIIWN4clCuforFuVsS768,0.678,0.786,7,-6.391,1,0.0378,0.0345,0.0,0.0799,0.602,105.002,193440,4,False,51,2023-08-31,0kScLT4hNA8lPemoLxRz40,Where Do We Go From Here?,1,https://p.scdn.co/mp3-preview/00766aad81db87d1f2da349e38475cd3d05f76d0?cid=29942d75c20b46b9b01eb4cd31edff20
7IaZ2WDYVYi0OImUNQm6Vl,0.252,0.538,0,-5.806,0,0.0349,0.268,0.00872,0.326,0.102,175.298,242240,4,False,43,2023-04-28,3RBAnTbN7fcba7VRpQi14P,Fine Line / Eat The Acid,2,https://p.scdn.co/mp3-preview/eb8aa4af01347cf1c6483df07008ef3571857d59?cid=29942d75c20b46b9b01eb4cd31edff20
3ZKDfVjmrkkcO3YFCRKdtU,0.682,0.446,10,-8.152,0,0.0596,0.0995,0.00172,0.431,0.746,104.855,169973,4,False,41,2023-04-12,5BNUgsVK7qqfFnV046qHfW,Gloria (Special Edition),9,
5Gfnj8IW7A0YmmPyUzFoQp,0.498,0.929,7,-5.393,1,0.0786,0.101,0.0,0.112,0.331,80.991,295560,4,False,44,2023-10-13,2yyDNz8lkP0igqZfZzEgv0,Jonny,1,https://p.scdn.co/mp3-preview/4dc760225d0b315ed69aa2c2ae747794804e93f5?cid=29942d75c20b46b9b01eb4cd31edff20
4367dXCt02KMgELPisJ2D4,0.736,0.645,1,-5.195,1,0.0807,0.0724,0.00086,0.136,0.201,132.024,188870,3,True,81,2023-08-18,5bHwBaNZKESVBhqCvs4Ify,HVN ON EARTH,1,
3p5JD79PQP737dyEY2hnmf,0.589,0.748,6,-4.767,0,0.0259,0.000438,0.0349,0.16,0.334,115.01,238946,4,False,67,2023-03-24,3QWc9HhBWgk9dIEwOkJx4q,Memento Mori,3,https://p.scdn.co/mp3-preview/36170d0b287ae83eb1069920f02400d7f7fd569a?cid=29942d75c20b46b9b01eb4cd31edff20
2SWqVCbl51UX5xgDHvE1uT,0.67,0.409,0,-10.406,1,0.106,0.625,0.0,0.211,0.595,80.468,168095,4,True,63,2023-07-07,2T7LuxZRr6SQMgABLtoYTH,Sunburn,5,https://p.scdn.co/mp3-preview/c998b695fcce6d72e1894aa8ccf852678ada47f3?cid=29942d75c20b46b9b01eb4cd31edff20
3wT58LylGS5wfXLBWRsMaZ,0.403,0.888,9,-7.063,0,0.0621,3.21e-05,0.956,0.0706,0.193,170.048,48867,4,False,60,2023-10-04,68w73FF3dYC6C3RWdcV0Yl,THE BOOK 3,2,https://p.scdn.co/mp3-preview/87f47123892146393e67f066def16c540047c51f?cid=29942d75c20b46b9b01eb4cd31edff20
3vk9ndnZ0Zjrthm1E7kaNa,0.681,0.488,1,-7.936,1,0.327,0.00384,0.0,0.121,0.275,77.976,204642,4,True,58,2023-05-26,6ciIG1XKTlVIn0Yl8rvsce,Almost Healed,13,https://p.scdn.co/mp3-preview/a34e1c7d7cf080e743b2b39691f1a38937651783?cid=29942d75c20b46b9b01eb4cd31edff20
3TMEpIdETnJEm2zEIARovE,0.557,0.843,7,-4.519,1,0.0875,0.00132,0.0,0.109,0.811,129.511,232787,4,True,1,2023-08-21,1e7HgWnZQuznHyqUBrd8PT,Hip Hop Mixtape 2023 by STOKED,34,
76S6qWNp7CGxkswZy8f6XQ,0.514,0.822,11,-3.312,1,0.126,0.00367,0.0,0.0501,0.789,156.016,198685,4,False,0,2023-10-18,3uyt4XHmTjHKsFecQCjvnI,YOU DON'T KNOW WHAT YOU'VE GOT,1,https://p.scdn.co/mp3-preview/6618c923be5b5beb07be70b019255409bf99dc7f?cid=29942d75c20b46b9b01eb4cd31edff20
6rdhNaaV3uRhQfmjyqWoo4,0.524,0.0465,11,-18.588,0,0.0361,0.98,0.887,0.0808,0.154,70.013,150982,3,False,2,2022-11-26,5neHExHqW7KIbwpuxmuVBa,Farewell for Now,1,https://p.scdn.co/mp3-preview/50c08cce899f3783f0049ba4e60f59840ca0480e?cid=29942d75c20b46b9b01eb4cd31edff20
672pbi6q4UuyJYIuThNsq3,0.678,0.635,10,-4.275,1,0.0406,0.385,0.0,0.251,0.603,96.008,174029,4,False,70,2023-08-11,19F2dOW0JWTAuK941khqsA,Give You Love (feat. Jason Derulo),1,https://p.scdn.co/mp3-preview/5fe6980823904e1cd67864ec404e0b62709e74db?cid=29942d75c20b46b9b01eb4cd31edff20
68Zw2GSSUrfGSflSXYYO6s,0.637,0.724,6,-5.614,0,0.0619,0.0805,0.0,0.132,0.37,126.934,186440,4,False,50,2023-07-14,1u6xsrzOe8Kt0XRVzZYohw,You & I,1,https://p.scdn.co/mp3-preview/057086250636780bc822b592fcf4a23ce602a348?cid=29942d75c20b46b9b01eb4cd31edff20
5erCwioOcRwP59NJUAtEK3,0.526,0.491,5,-9.147,0,0.196,0.558,0.0,0.186,0.336,128.093,225906,4,True,71,2020-10-09,26uL4J5FErma5bp8r3UVnX,The Blue Print – Us Vs. Them,21,
5udkv8BEG1sAN5ZtR6CAzv,0.513,0.689,0,-5.369,1,0.0462,0.118,0.0,0.147,0.716,170.832,226251,4,True,62,2023-04-21,1W2Srir1JwdyDQMrN66CF5,The Dumb Song,1,
6yv9it6siINSacVKHrgLmI,0.736,0.865,6,-4.893,0,0.0583,0.00718,0.000141,0.0446,0.888,172.037,183040,4,False,71,2023-06-29,4HAKrFKWngyiF8OsEdoS09,Hora de Salir,1,https://p.scdn.co/mp3-preview/79ad92853e82a00cbeb45fe00b969e4016b9a347?cid=29942d75c20b46b9b01eb4cd31edff20
7LJETXmpThAx6IvUzczYNR,0.646,0.798,4,-5.283,0,0.0767,0.000305,9.84e-05,0.0922,0.821,113.959,215601,4,False,69,2023-03-24,5rHd8n9uWIpq9w0PP5ZcI3,So Much (For) Stardust,3,https://p.scdn.co/mp3-preview/0ba656ab6455c22da843ecfeb6314b227ae772f9?cid=29942d75c20b46b9b01eb4cd31edff20
7LbhIjYNfCguxjAw43Mkff,0.715,0.931,11,-3.548,0,0.0426,0.00573,0.00185,0.0549,0.615,119.971,181648,4,False,63,2023-01-27,5NgQit6EhPnx84bxgVVDRQ,Diamonds & Dancefloors,4,https://p.scdn.co/mp3-preview/0fe82d6c63ec96687dce03dea050fc6f736ca536?cid=29942d75c20b46b9b01eb4cd31edff20
2VBLFxCUyFp5BfmsZpxcis,0.436,0.951,7,-4.748,0,0.202,0.0046,0.0,0.149,0.428,169.955,223320,4,False,76,2023-04-10,1xml9CR90tJdvTESDk4Q4s,絆ノ奇跡,1,https://p.scdn.co/mp3-preview/c6549abc86f7da1fae4f8348198da78bc21674bf?cid=29942d75c20b46b9b01eb4cd31edff20
3JsH3qnwhYGs20PBMsCgNx,0.66,0.878,6,-6.647,0,0.0596,0.212,0.663,0.16,0.264,129.004,213800,4,False,70,2023-03-10,32JzuMXyPDs6ihDnRGh8vy,Voodoo,1,
6SroqZFR8fPAcvhteW5y9W,0.579,0.725,9,-4.841,1,0.0547,0.00224,0.0,0.263,0.353,170.144,230137,4,True,55,2023-01-20,0F166z0TRwmSRuHBOId890,MANSION MUSIK,9,
0b6xZk9f96N77BfmYWnQNC,0.807,0.354,9,-7.554,1,0.0321,0.15,0.713,0.186,0.602,78.964,155722,4,False,74,2023-07-07,2T7LuxZRr6SQMgABLtoYTH,Sunburn,13,https://p.scdn.co/mp3-preview/9032e498034808b9a49d881dd23ca431a20954a5?cid=29942d75c20b46b9b01eb4cd31edff20
3QWewnpi4NabW73JGjWgx5,0.228,0.0685,1,-13.743,1,0.0431,0.926,7.39e-06,0.0658,0.309,166.482,62933,4,False,36,2023-10-13,2yyDNz8lkP0igqZfZzEgv0,Jonny,16,https://p.scdn.co/mp3-preview/8506163f4237da7d0a522bf0d04cd2a8845336d4?cid=29942d75c20b46b9b01eb4cd31edff20
1hF4106ZfduY2w6YETij5M,0.812,0.878,7,-7.549,1,0.0967,0.212,0.000692,0.18,0.422,112.977,205885,4,False,49,2023-09-08,6vcc4wRUsVttlO9ARfW4Nf,I Wanna,1,https://p.scdn.co/mp3-preview/818b20a1c9569782555ecd5cc557aa88403a8360?cid=29942d75c20b46b9b01eb4cd31edff20
1PyEIqKSHiGNK9KjxosuHi,0.75,0.83,0,-3.544,1,0.0683,0.115,0.0,0.765,0.688,104.937,182857,4,True,74,2023-06-26,0JxZiYcTT06o0ir80SbEdW,LA BABY,1,https://p.scdn.co/mp3-preview/2109d446179e906f99a6e8cbffbaf6a07baa98d1?cid=29942d75c20b46b9b01eb4cd31edff20
0h3dJV8JA5oxPzSF4tkz2t,0.707,0.83,9,-5.331,0,0.0642,0.171,0.0,0.176,0.758,128.106,203547,4,False,72,2023-05-12,0ymqvaOiilJa797C3Y2mZh,Hare Hare,1,https://p.scdn.co/mp3-preview/98dbbfc7007189a7652b32c6a182a3f24f160c8c?cid=29942d75c20b46b9b01eb4cd31edff20
6Qzt3SRdoxQdG2lza82ExB,0.487,0.725,9,-6.231,0,0.0326,0.0122,0.0,0.0957,0.33,130.986,237915,4,False,57,2023-09-22,7M3OZ6ZLQHE5kF0yO7t07c,Windows,1,
5fX8WljoAFrmFrFqahjz4Y,0.571,0.758,2,-4.518,1,0.065,0.0879,0.0,0.326,0.723,76.503,157563,4,False,65,2023-07-07,2T7LuxZRr6SQMgABLtoYTH,Sunburn,6,https://p.scdn.co/mp3-preview/6025c0a660c88e78e6a25cfd46e6a6dbb117aa60?cid=29942d75c20b46b9b01eb4cd31edff20
621bFmNYKldPwZQExIK3VU,0.466,0.865,2,-5.044,1,0.0423,0.0103,0.00474,0.102,0.617,149.904,233320,4,False,57,2023-07-21,4WsKcrfETIMvKNJPnsl5KX,History Books (feat. Bruce Springsteen),1,https://p.scdn.co/mp3-preview/cd4bdccca736fe800ee4863f2f6a947bce46f681?cid=29942d75c20b46b9b01eb4cd31edff20
4lMyi03aRk8nPBLLGyqAVz,0.908,0.757,11,-3.889,0,0.0606,0.015,0.0,0.0673,0.577,106.031,134425,4,True,81,2023-07-27,5c96P3dSu3UIgrGhIaE7RO,It's Getting Hot,1,https://p.scdn.co/mp3-preview/01281fa5840d4a0e858b25133e4c59d97baf9e9e?cid=29942d75c20b46b9b01eb4cd31edff20
4xCyIzLPgHGIoma9yJRrcv,0.637,0.802,11,-4.374,1,0.0387,0.00536,0.0,0.0946,0.89,152.063,173867,4,False,46,2023-04-28,2WSeZEFsZKPJQ09abZCIaz,NATE SMITH (DELUXE),23,https://p.scdn.co/mp3-preview/f0718a966d4278d38867d0cfca58628fc1161d5c?cid=29942d75c20b46b9b01eb4cd31edff20
0txehYCgDcWarBnMOatu1D,0.691,0.548,1,-7.887,1,0.126,0.0101,0.0,0.0831,0.124,145.959,159452,4,True,54,2023-05-26,6ciIG1XKTlVIn0Yl8rvsce,Almost Healed,19,https://p.scdn.co/mp3-preview/551e245603123bddd4ce7e224be96aab54e139a4?cid=29942d75c20b46b9b01eb4cd31edff20
4M68xjcc42oxyphhzpOWXS,0.67,0.555,1,-9.12,0,0.0908,0.0382,6.36e-06,0.414,0.16,156.937,146808,4,True,77,2023-09-15,0xojHpNNGFiPqc3TXmh6Gv,Nostalgia,13,https://p.scdn.co/mp3-preview/71f238230125a1afd5a414d37bef59c790135b42?cid=29942d75c20b46b9b01eb4cd31edff20
70b5Sq3ePOu3Gqg0hjlOtR,0.354,0.411,0,-6.018,1,0.0344,0.815,1e-06,0.106,0.43,90.831,225080,4,False,70,2013-01-01,7lZs5r4oQV2nutddffLrg0,Frozen (Original Motion Picture Soundtrack / Deluxe Edition),3,
4mRcWpEcBCXNzrapIH76R7,0.567,0.66,9,-6.357,0,0.317,0.51,1.14e-05,0.186,0.262,108.81,163800,5,True,61,2023-06-23,6qElaeK7SHsEzb8uV8eG3D,BUSINESS IS BUSINESS,13,https://p.scdn.co/mp3-preview/a17ba0033549ff28f8e587bba5918485d400ae19?cid=29942d75c20b46b9b01eb4cd31edff20
0mYDmAlfKvnSigoH2h9XbZ,0.602,0.895,1,-4.155,1,0.0572,0.0957,0.0,0.118,0.545,129.929,185315,4,False,53,2023-07-28,0NcALFoPC2VFUj05Jsj9zP,Honky Tonkin' About,1,https://p.scdn.co/mp3-preview/ac080f8158fc360b4707196d35f1438b821a41c3?cid=29942d75c20b46b9b01eb4cd31edff20
2JNaqjOm7jHePMdr6WIadg,0.614,0.693,9,-5.983,1,0.13,7.46e-05,1.48e-05,0.1,0.0698,159.925,153741,4,True,57,2023-05-26,6ciIG1XKTlVIn0Yl8rvsce,Almost Healed,14,https://p.scdn.co/mp3-preview/98c7944026c4b58118d3193ddbb77f615115e56c?cid=29942d75c20b46b9b01eb4cd31edff20
251CD0wYHfHLaXJQMn7Dk2,0.57,0.701,1,-6.264,1,0.0473,0.021,0.0,0.14,0.248,162.857,175996,3,True,53,2023-05-26,6ciIG1XKTlVIn0Yl8rvsce,Almost Healed,18,https://p.scdn.co/mp3-preview/0de1b020d8e053f50800967aeb2f86b78399583a?cid=29942d75c20b46b9b01eb4cd31edff20
05grSYrVwYw58YMOdJceyz,0.706,0.64,4,-3.146,0,0.203,0.086,0.0,0.537,0.184,143.905,164838,4,False,68,2023-06-30,2ua5bFkZLZl1lIgKWtYZIz,Pink Tape,20,https://p.scdn.co/mp3-preview/a7a884208df125540e52dd27e27796b8f880ff55?cid=29942d75c20b46b9b01eb4cd31edff20
1kwPxt35W7cG3rryxR48PO,0.971,0.671,10,-5.26,0,0.154,0.416,0.0,0.128,0.754,119.965,192000,4,True,79,2023-05-26,005G0y1M64Y9LmPRuHcD0U,Johnny Dang (with Paul Wall & DRODi),1,
6Ea2oEzysv4UECGNxL1IEW,0.738,0.883,8,-7.989,1,0.0818,0.053,0.193,0.102,0.651,125.04,197165,4,False,76,2023-06-02,6UC9oEbksP0m0Sfl1sgVEQ,Eat Your Man (with Nelly Furtado),1,https://p.scdn.co/mp3-preview/2a0d170b81439da188855fd1cd7f344728d20218?cid=29942d75c20b46b9b01eb4cd31edff20
1DrRFignz0xbQBSlBQrJL9,0.47,0.938,9,-4.355,1,0.0429,2.45e-05,0.00413,0.0421,0.395,123.383,396293,4,False,53,2023-03-01,4InfBU6v65fzQM6vpSdDJf,If Darkness Had a Son,1,
2d2lYLXMF8KEZIrPFrFDZN,0.538,0.478,8,-4.256,0,0.0262,0.761,3.62e-05,0.132,0.313,136.072,262987,4,False,43,2023-05-19,5hOFWwfkeWetTEnMTbX4q9,Gag Order,13,https://p.scdn.co/mp3-preview/e791b90087d74a0ccaa4f3a3d6575791db682e91?cid=29942d75c20b46b9b01eb4cd31edff20
31MNHKE86sEXzIglbGQ6mu,0.777,0.686,7,-6.498,0,0.0308,0.223,0.00148,0.318,0.582,127.002,198448,4,True,71,2023-10-13,5UcGyEltve5psjxSRsHx8E,Something To Give Each Other,7,
7sc6s7JYr53wn2zBF2Fg1R,0.655,0.144,2,-15.647,1,0.917,0.409,0.0,0.275,0.271,140.775,87751,1,False,48,2023-05-26,6ciIG1XKTlVIn0Yl8rvsce,Almost Healed,1,https://p.scdn.co/mp3-preview/8efea437b06cf4a1b89e8b29cee0c24d9bc0d99f?cid=29942d75c20b46b9b01eb4cd31edff20
5FHPvs8RxWBQXP2Rq9I2B2,0.67,0.727,7,-5.477,1,0.0689,0.277,0.0,0.52,0.412,110.151,150013,4,False,65,2023-01-27,5Vqzr0g0cyJES3rIs4IkTq,You Only Love Me,1,https://p.scdn.co/mp3-preview/6cb7ac32b74d9bee8fcbeb5f0c206e1668afb69a?cid=29942d75c20b46b9b01eb4cd31edff20
45Kr3PruCNV384DWuhd2bU,0.626,0.907,1,-5.015,1,0.043,0.00076,1.01e-05,0.057,0.345,108.015,204147,4,False,41,2023-06-02,48IIrMkjEllIHdiAO3YASh,We Could Be The One,1,https://p.scdn.co/mp3-preview/e9ce58d5b115b90b7b6fcf9acca84b980c6da7e0?cid=29942d75c20b46b9b01eb4cd31edff20
64b4ElrrZOEp3H1Pac2lG6,0.418,0.758,3,-5.914,1,0.0407,0.000174,0.00107,0.13,0.202,127.907,212041,4,False,59,2023-06-30,2ua5bFkZLZl1lIgKWtYZIz,Pink Tape,17,https://p.scdn.co/mp3-preview/e4c7e84e76f43d35f6c33ffaf809a567d34e01d1?cid=29942d75c20b46b9b01eb4cd31edff20
73S4fsK22WH929PLFNYgOj,0.926,0.577,10,-6.805,0,0.367,0.0401,0.0,0.23,0.304,134.383,174467,4,True,79,2023-07-28,3PgS3nituPh4DDt5LT1cNL,JEALOUSY (feat. Cardi B),1,
5g2GhW0Xdc0HHwUCaKkmRQ,0.466,0.736,8,-4.805,1,0.0293,0.143,8.56e-05,0.129,0.214,199.942,204650,4,False,62,2023-03-24,3QWc9HhBWgk9dIEwOkJx4q,Memento Mori,2,https://p.scdn.co/mp3-preview/1e4add050e0802f0deb935eefea7762d2be0a106?cid=29942d75c20b46b9b01eb4cd31edff20
3jK53bWJDGzbTbqaBayfBB,0.565,0.82,4,-5.729,1,0.162,0.00952,0.0,0.0824,0.859,174.985,210952,4,False,51,2023-03-17,6AxPMn4e6dETGN7PNvH3xM,Wild Dogs (Running in a Slow Dream),1,https://p.scdn.co/mp3-preview/bb920413e93c72a3bb48f96d125a75aebabebdd9?cid=29942d75c20b46b9b01eb4cd31edff20
0rZxDClq3zo0rvPOShiYzi,0.462,0.464,6,-8.303,1,0.0334,0.81,0.0,0.212,0.223,129.933,167800,3,False,50,2023-04-28,2WSeZEFsZKPJQ09abZCIaz,NATE SMITH (DELUXE),26,https://p.scdn.co/mp3-preview/49d5570f50e0babdc8c95892b279584af50fe989?cid=29942d75c20b46b9b01eb4cd31edff20
79AzC6p5uKHZC4Rb7xrpR1,0.561,0.682,2,-8.765,1,0.39,0.265,0.0,0.124,0.329,133.92,148533,5,True,52,2023-06-23,6qElaeK7SHsEzb8uV8eG3D,BUSINESS IS BUSINESS,15,https://p.scdn.co/mp3-preview/4c6c4a54b7ba26297aec7a2471bd4eee60e922e6?cid=29942d75c20b46b9b01eb4cd31edff20
50Q0BUdTTtaMumIELoyrm8,0.733,0.599,9,-5.747,1,0.0494,0.000929,0.000304,0.116,0.766,123.991,160578,4,False,76,2023-08-07,5Z7AW7f77nqvK7qbJZehlX,GAME PLAN,2,https://p.scdn.co/mp3-preview/af04e9b08730d68369292163fea90eb1051d2dca?cid=29942d75c20b46b9b01eb4cd31edff20
2V875q2TKxJrT3jR4TyKEE,0.795,0.603,8,-6.337,0,0.143,0.00169,0.0,0.14,0.376,128.097,210241,4,True,61,2023-05-05,2Sl8X3Uu2N4B2pVa9y5U29,If Looks Could Kill,3,
45ei5A1TycXr9ZsWaFZiuT,0.727,0.497,1,-9.039,0,0.145,0.0237,0.0,0.158,0.256,128.969,139840,4,True,58,2023-05-26,6ciIG1XKTlVIn0Yl8rvsce,Almost Healed,4,https://p.scdn.co/mp3-preview/e6b1ae4ec57f9caf3120f71b9ad9987873ad9ce6?cid=29942d75c20b46b9b01eb4cd31edff20
2w4NpuHV8X5FOlJpM7GDZF,0.679,0.673,1,-5.465,1,0.0856,0.0177,0.0,0.181,0.086,148.935,201898,4,True,59,2023-06-30,2ua5bFkZLZl1lIgKWtYZIz,Pink Tape,26,https://p.scdn.co/mp3-preview/4c968a36923b8d22f62bddfb7c9fda9a835edb07?cid=29942d75c20b46b9b01eb4cd31edff20
60kl9blMLz8yl3akeh6sXe,0.543,0.503,7,-8.818,1,0.0336,0.626,5.32e-05,0.0913,0.149,129.928,219973,4,False,48,2023-10-13,2yyDNz8lkP0igqZfZzEgv0,Jonny,10,https://p.scdn.co/mp3-preview/3e9163664cc777ad626712131050ae8c31bdbe35?cid=29942d75c20b46b9b01eb4cd31edff20
3GobAcb9xUMN6K0XU4SK8G,0.619,0.787,11,-5.508,0,0.243,0.476,0.000429,0.123,0.899,113.799,130538,4,True,13,2023-10-10,4OrIyJZl0QqMmGV6DVBU7O,Whine (Dance Mix),2,https://p.scdn.co/mp3-preview/c66d37d1ba291c6cddf9495e8cbb702e4380d58e?cid=29942d75c20b46b9b01eb4cd31edff20
074mNWb0RaPPO2VearuzNf,0.403,0.369,0,-3.759,1,0.0314,0.616,0.0,0.281,0.329,98.371,252861,3,False,54,2023-05-24,2OLe0n6bwoENO1FD8dlDgp,Fought & Lost (feat. Brian May),1,https://p.scdn.co/mp3-preview/b2c24ec9e7da5faa7fd6ba8ad98de624599cfcf9?cid=29942d75c20b46b9b01eb4cd31edff20
3frC55hy41BhQK65FiJK7q,0.63,0.263,10,-9.959,1,0.0511,0.926,4.18e-05,0.104,0.453,151.671,167921,4,False,60,2023-07-07,2T7LuxZRr6SQMgABLtoYTH,Sunburn,11,https://p.scdn.co/mp3-preview/2c6c94acf433d054f45c480504b3d71918dffec6?cid=29942d75c20b46b9b01eb4cd31edff20
3MKTciJfDAJjO0SjFZQsVx,0.556,0.435,2,-10.851,0,0.0435,0.887,0.0,0.101,0.24,103.114,166019,4,False,56,2023-03-17,1ILoaJqrJ2yRbb1J1ILpam,Future Lover,1,https://p.scdn.co/mp3-preview/a1911297a9ba732aa0b445e9b107154d84103ee7?cid=29942d75c20b46b9b01eb4cd31edff20
6qWW8mNGVEMNQ8mhPEaAJ5,0.46,0.338,6,-14.228,0,0.0987,0.87,2.84e-05,0.11,0.0849,84.817,176190,4,True,60,2023-07-07,2T7LuxZRr6SQMgABLtoYTH,Sunburn,14,https://p.scdn.co/mp3-preview/dea1b866b45862c374569c0d3b1cbc94e9e82ebc?cid=29942d75c20b46b9b01eb4cd31edff20
3M48swVS1NBX5V4SLESekp,0.544,0.965,0,-5.726,1,0.0814,0.000335,0.0,0.495,0.371,125.066,275774,4,False,58,2023-06-16,53X6xpjjMDMfZ5IWMyonvC,"PetroDragonic Apocalypse; or, Dawn of Eternal Night: An Annihilation of Planet Earth and the Beginning of Merciless Damnation",5,
0uXhQHd0wYV9gvXyMcpnQj,0.614,0.531,8,-6.043,1,0.0339,0.0992,0.0,0.121,0.519,151.827,178773,4,False,62,2023-04-28,2WSeZEFsZKPJQ09abZCIaz,NATE SMITH (DELUXE),19,https://p.scdn.co/mp3-preview/295ccce1ba437c49189d845b5c952f7b5b71c211?cid=29942d75c20b46b9b01eb4cd31edff20
1RtxMS6dcQuxK5y8TKh4Md,0.337,0.925,9,-4.649,1,0.0822,0.000366,2.99e-06,0.292,0.355,174.986,215867,4,False,61,2023-04-17,71gRqLVrm4OMLRUYXMkWbu,コイコガレ,1,https://p.scdn.co/mp3-preview/ca1662ac37aacc795e2e41d1650e007b5181a0c2?cid=29942d75c20b46b9b01eb4cd31edff20
0LbZLBBZI1NfaDgb4dx0UD,0.496,0.593,4,-5.154,1,0.0285,0.0476,0.0,0.0909,0.177,91.038,185933,4,True,76,2023-08-18,5DvJgsMLbaR1HmAI6VhfcQ,Endless Summer Vacation,2,https://p.scdn.co/mp3-preview/b70d6946222644d6d88d5b88fe0c8446c6240bd0?cid=29942d75c20b46b9b01eb4cd31edff20
4J1AUUtkxefSV7FpwmdQzR,0.665,0.693,1,-4.496,0,0.0317,0.00905,0.0,0.108,0.525,110.953,190114,4,False,51,2023-07-13,5JOlQZepRNgdSUnSilYi32,I DO,1,https://p.scdn.co/mp3-preview/811fbddcf0fcca3f222ff9861f5b7f6fd2c72a1b?cid=29942d75c20b46b9b01eb4cd31edff20
7rS4oy2qpJNULQAVgJQTun,0.681,0.626,0,-5.41,1,0.0365,0.00887,5.56e-06,0.0791,0.676,128.036,182085,4,False,57,2023-02-17,2UaBO1EDivXwUZengjvRBG,Heart Wants What It Wants,1,https://p.scdn.co/mp3-preview/b26b1f7f8ca6903fc5bf60ab77b9d2443e14fde1?cid=29942d75c20b46b9b01eb4cd31edff20
0unNLQbn2xlm2nPcB1pdjS,0.473,0.751,8,-5.196,1,0.0318,9.91e-05,0.0181,0.118,0.569,110.025,183787,4,False,70,2023-04-28,2WSeZEFsZKPJQ09abZCIaz,NATE SMITH (DELUXE),12,https://p.scdn.co/mp3-preview/d970f37dc60bcedd7754d6e9f759cb4ceea34a90?cid=29942d75c20b46b9b01eb4cd31edff20
2iUQCloOfXTzjZAyW23pGf,0.682,0.376,1,-11.157,1,0.302,0.00272,0.000303,0.108,0.166,149.809,140800,4,True,57,2023-05-26,6ciIG1XKTlVIn0Yl8rvsce,Almost Healed,12,https://p.scdn.co/mp3-preview/40134d27846ca836329e2a7c4e0080a2f241acbc?cid=29942d75c20b46b9b01eb4cd31edff20
2fDiyBcQxd8mNsKhBTuCxj,0.387,0.453,0,-7.478,1,0.0478,0.738,0.0,0.0841,0.286,79.885,201320,3,False,48,2023-04-28,2WSeZEFsZKPJQ09abZCIaz,NATE SMITH (DELUXE),20,https://p.scdn.co/mp3-preview/68a278166431a69f0e5f14ec6ef005f9cbaa770b?cid=29942d75c20b46b9b01eb4cd31edff20
5s3oeNeOU78mS7B43xhVxU,0.511,0.871,2,-5.111,1,0.0629,0.000939,0.0,0.111,0.306,115.978,223400,4,False,42,2023-04-28,2WSeZEFsZKPJQ09abZCIaz,NATE SMITH (DELUXE),25,https://p.scdn.co/mp3-preview/4594703d6ae40ddd851e810469fa3e0bce3d4461?cid=29942d75c20b46b9b01eb4cd31edff20
60bbiP93CSxmLibuwvxay9,0.67,0.559,2,-5.768,1,0.0595,0.38,1.28e-06,0.0939,0.567,146.987,197803,4,True,73,2023-07-28,4T2TQZ3hlWAsCe9PXK3uM9,Diplo Presents Thomas Wesley: Chapter 2 - Swamp Savant,9,https://p.scdn.co/mp3-preview/aa2a6b94e0f29966bc3320d34aa6c5ed9c049805?cid=29942d75c20b46b9b01eb4cd31edff20
2DIo5VoBB6X1GzgpGbmMIF,0.514,0.779,8,-5.136,1,0.0417,0.00314,1.3e-05,0.0637,0.313,91.089,217538,4,False,65,2023-03-24,5rHd8n9uWIpq9w0PP5ZcI3,So Much (For) Stardust,2,https://p.scdn.co/mp3-preview/a978e6d15c8a11edcad391480ce14387a705de7f?cid=29942d75c20b46b9b01eb4cd31edff20
4NdJlsPyvXz15LySCNoL2W,0.779,0.692,3,-3.59,0,0.0598,0.0024,0.0,0.482,0.67,103.99,162665,4,False,61,2023-01-05,55ur1fpimHIf1A63SP2Xwy,Giddy Up!,1,
1vyzpZ8td4h4QNpuATl3ZX,0.639,0.872,10,-3.075,1,0.102,0.138,0.0,0.342,0.685,171.912,174070,4,False,54,2023-04-28,5hscifRFV9IXLm2mZ27fSH,fumble (feat. piri),1,https://p.scdn.co/mp3-preview/e12ed34c5de0d25e3a8ac4205d11c56928f2c634?cid=29942d75c20b46b9b01eb4cd31edff20
1TXbPx0WUaJM0fjDVs4wCD,0.691,0.639,9,-7.321,1,0.125,0.0244,0.0,0.102,0.71,141.918,183022,4,False,71,2023-10-13,7tm57crYhN6WvRfB51A7Up,Hands On Me (feat. Meghan Trainor),1,https://p.scdn.co/mp3-preview/b5e253e6b81cac1196f0f9012627db97112e51f5?cid=29942d75c20b46b9b01eb4cd31edff20
5pFKuNJdKLyMceZuopqVFF,0.254,0.796,6,-2.975,0,0.06,0.00304,0.0,0.112,0.352,86.483,187398,4,True,60,2023-01-26,0dedUKXYTEmxuhkF5yZPj3,L'Isola Delle Rose,1,
5klhicB8mfOfr5FFeYdPXp,0.613,0.89,7,-6.388,1,0.0397,0.00103,0.00436,0.613,0.258,118.024,218236,4,False,23,2023-01-20,0bTnYKeASx4Fjaf2ez2Us3,Welcome To My Island (Remix),2,https://p.scdn.co/mp3-preview/fe2408ca39b385b06027f402a06d331376368ac1?cid=29942d75c20b46b9b01eb4cd31edff20
1SRw5p2lVAi7RGlHEmZg66,0.816,0.367,2,-9.354,1,0.0588,0.314,0.0,0.0987,0.413,116.035,208630,4,False,77,2023-02-17,4XiUZULpVS6gTgKKU7KTX5,Favorite Song,1,
4ih4oGbMt9b6PbKhTPbAmw,0.496,0.357,8,-13.42,0,0.0351,0.211,1.28e-06,0.171,0.418,137.96,172555,4,False,62,2023-03-07,6aBXNHeyTnhy5PooV2izJT,Watergun,1,https://p.scdn.co/mp3-preview/913ebec94060a0b0faafa5d8ab3784b06c1972e7?cid=29942d75c20b46b9b01eb4cd31edff20
6OrCWnvAja4n5IYdzchJlH,0.8,0.733,0,-4.402,1,0.0517,0.0699,0.000801,0.439,0.921,124.986,126232,4,False,67,2023-07-07,2T7LuxZRr6SQMgABLtoYTH,Sunburn,2,https://p.scdn.co/mp3-preview/0c1c30985d768f6741629c82c65a45eba7529de2?cid=29942d75c20b46b9b01eb4cd31edff20
6C5BUMqodKquXEQjEE8EeW,0.63,0.443,7,-9.602,0,0.33,0.0688,0.0,0.185,0.405,151.978,114016,4,True,53,2023-05-26,6ciIG1XKTlVIn0Yl8rvsce,Almost Healed,16,https://p.scdn.co/mp3-preview/7d9dafc144ffd480c92e32e594debe365d408bd3?cid=29942d75c20b46b9b01eb4cd31edff20
59JXLBosh2OFLMCARkINnB,0.809,0.752,0,-4.639,1,0.0913,0.0193,5.43e-05,0.0872,0.677,98.027,124504,4,False,66,2023-07-07,2T7LuxZRr6SQMgABLtoYTH,Sunburn,8,https://p.scdn.co/mp3-preview/65d85350c89c90bcd2ba2f944628e50e112bdf9e?cid=29942d75c20b46b9b01eb4cd31edff20
4q05KbxYZ5JdkmrletgPjF,0.701,0.88,10,-4.56,0,0.0358,0.182,7.33e-06,0.0649,0.623,124.039,181958,4,False,80,2023-02-10,0kXUCfMDhIUoHOfZ7TLsoj,Whistle (feat. Calum Scott),1,
2LWJ0zNei0z2WjHHwSNUkx,0.729,0.549,2,-5.332,0,0.0292,0.0865,0.0,0.0951,0.624,95.012,188575,4,False,62,2023-01-27,3oFZmnzIemQRpB0JOLzXRe,Voices (feat. Oliver Tree),1,https://p.scdn.co/mp3-preview/d12cf57f1604acf1960199f7e1a47655d27ae1da?cid=29942d75c20b46b9b01eb4cd31edff20
0YFCf4BiHqg6DjXW4hEYiX,0.587,0.655,4,-5.515,1,0.0374,0.00664,0.0,0.126,0.335,98.982,206680,4,False,52,2023-04-28,2WSeZEFsZKPJQ09abZCIaz,NATE SMITH (DELUXE),1,https://p.scdn.co/mp3-preview/1a7ce846f1f57975f9ec5435b4f110f5e14dd48f?cid=29942d75c20b46b9b01eb4cd31edff20
3h4VkSxRB1YCAS0FsxhV4J,0.706,0.75,8,-4.778,1,0.114,0.111,0.0,0.0378,0.856,90.967,193926,4,False,60,2023-02-08,1VCC0xpP4H4L2hXE0gj7Pv,Due,1,
6PUd24m9fRchObcALw6e8u,0.561,0.953,2,-3.449,1,0.0465,0.261,0.0,0.246,0.797,139.055,303200,4,False,19,2023-03-15,1DR8nKqLUR9gIlvW8pUkZg,息をする心 Special Edition,1,https://p.scdn.co/mp3-preview/e2d912c055f63068cbcebc67ba01c850cb251ffa?cid=29942d75c20b46b9b01eb4cd31edff20
5OSGdSxtulzlzdPdK2MQJC,0.755,0.676,5,-7.349,1,0.0377,0.0418,0.00176,0.204,0.461,123.98,209136,4,False,78,2023-04-13,5C82uAeAwABjDB7lsLL9iL,Esta Vida,1,https://p.scdn.co/mp3-preview/796608754d13d848ef6cea29afc4b190af8b720d?cid=29942d75c20b46b9b01eb4cd31edff20
3Wy9UYxGgqRQv65w5LwQB7,0.563,0.575,10,-5.072,1,0.0266,0.0452,0.0,0.101,0.162,145.103,212747,4,False,59,2023-04-28,2WSeZEFsZKPJQ09abZCIaz,NATE SMITH (DELUXE),10,https://p.scdn.co/mp3-preview/a53155e54350ccc1c73c162a2523346a45ac3e29?cid=29942d75c20b46b9b01eb4cd31edff20
65i1UPsUtPlEVzewEZR6sY,0.627,0.723,1,-6.241,0,0.0341,0.0141,3.66e-05,0.118,0.596,97.555,225200,4,False,58,2000-02-15,64qpmVqrwUlBihBMhZDyJj,Shades of Purple,1,https://p.scdn.co/mp3-preview/0f9536316f17ee57b05b67ba5696efeefaffd2a8?cid=29942d75c20b46b9b01eb4cd31edff20
02xwA3Ej9NPetftp9V7VZ3,0.607,0.498,0,-6.363,1,0.0311,0.239,4.04e-06,0.313,0.714,164.993,298664,4,False,66,2021-06-27,0Yp3xThk83SwBN8yP2IaTS,好きだから。,1,
2rJLtRZBBpBRGYkf21wPa3,0.466,0.953,1,-2.477,0,0.066,0.0234,0.0,0.302,0.591,82.529,253800,4,False,41,2023-09-27,7cKXrDUTEJg7xj6V57zSY4,アイドルなんかじゃなかったら (Special Edition),1,
6TI6qMiIiRUKoKLxZ95RnD,0.273,0.324,7,-11.104,1,0.0445,0.915,1.57e-05,0.56,0.372,133.158,107160,3,True,41,2023-10-13,2yyDNz8lkP0igqZfZzEgv0,Jonny,5,https://p.scdn.co/mp3-preview/06daff586f927350fed37b76efc3efe6198f9b1b?cid=29942d75c20b46b9b01eb4cd31edff20
4Dk42ykoREkq82ny0mWZnU,0.529,0.735,9,-3.905,1,0.153,0.295,0.0,0.112,0.617,76.209,257673,4,True,62,2023-06-30,2ua5bFkZLZl1lIgKWtYZIz,Pink Tape,21,https://p.scdn.co/mp3-preview/11324969d8edadd01cefa02890da40eadd2fc21c?cid=29942d75c20b46b9b01eb4cd31edff20
60glT2wsoSHV3B8yCRSB8v,0.567,0.961,7,-4.084,1,0.0572,0.00139,3.7e-05,0.102,0.669,151.92,215531,4,False,73,2023-06-28,1PWKDjoZgljWTZJ7HCL4Ja,We Didn’t Start The Fire,1,https://p.scdn.co/mp3-preview/39cb4ffd2b94e20533913ea52cff60054ea0f118?cid=29942d75c20b46b9b01eb4cd31edff20
6tCmZiMZDwAYSfjnArGG48,0.506,0.598,1,-8.476,1,0.415,0.000431,0.0,0.105,0.222,169.717,215600,4,True,54,2023-06-23,6qElaeK7SHsEzb8uV8eG3D,BUSINESS IS BUSINESS,14,https://p.scdn.co/mp3-preview/9854a7eb9052af7e0720e180b2d34f1f760f6b15?cid=29942d75c20b46b9b01eb4cd31edff20
7nGY6TG3NF8MNdUOT2wJA4,0.638,0.557,1,-7.391,1,0.126,0.000959,0.0,0.0921,0.102,160.081,192048,4,True,72,2023-08-18,61Bs2ccx3QlNk6wH1tMwtI,F*ck U Thought,1,https://p.scdn.co/mp3-preview/4236eaaee1e392ad5399e51cbb3fc7be89eda603?cid=29942d75c20b46b9b01eb4cd31edff20
5leAk8qQS6HGWwEvpyWSqd,0.673,0.873,2,-3.753,1,0.43,0.178,0.0,0.35,0.547,164.263,187345,4,True,64,2023-05-12,1rBIdADJWSisiYXHRdw1v2,Richest Opp,9,
1zVsw1SqQKgtzE4aqmE8nE,0.482,0.955,1,-2.626,0,0.119,0.147,0.0,0.406,0.834,165.512,213234,4,False,68,2023-05-26,2t5eAUqMwN0Kb2JGTxW2w0,Idol,1,https://p.scdn.co/mp3-preview/88313f8d242e33ffe0e9eba2838608fadf2a590a?cid=29942d75c20b46b9b01eb4cd31edff20
5NwIKgROiSR14zlXdXDMXT,0.339,0.807,6,-5.483,1,0.0325,0.00439,0.0,0.0925,0.368,84.511,167707,4,False,43,2023-04-28,2WSeZEFsZKPJQ09abZCIaz,NATE SMITH (DELUXE),13,https://p.scdn.co/mp3-preview/bacc76960c2cb2d08063d17af77c4c660e9ac324?cid=29942d75c20b46b9b01eb4cd31edff20
4jbBxHGnP9tEYfkWtTfarE,0.693,0.631,9,-6.105,1,0.057,0.0827,8.65e-05,0.194,0.362,118.008,233279,4,False,30,2023-01-20,0bTnYKeASx4Fjaf2ez2Us3,Welcome To My Island (Remix),3,https://p.scdn.co/mp3-preview/704051037d96593f1a28b547d8eb665c0ab75a35?cid=29942d75c20b46b9b01eb4cd31edff20
3promGTTwsn1N5D6RzaFMV,0.71,0.525,2,-6.477,1,0.311,0.0827,0.0,0.0661,0.903,75.171,118400,4,True,64,2021-01-08,7kpMsNJoM5X8kntRP4OzFg,I'm not Pretty,1,
7yYEjNpKyK8Ljpp2hHM9Hr,0.627,0.739,7,-5.854,1,0.0538,0.617,0.0516,0.117,0.366,100.111,286233,4,False,47,2023-09-12,6sjxSwwrxv6xcIv8tX6btk,Ganaraj Gajanan,1,https://p.scdn.co/mp3-preview/76f3adbe54eed997aa462974660ea5d7212df967?cid=29942d75c20b46b9b01eb4cd31edff20
1E5Pht0fZ1f3VGWry18MrQ,0.537,0.782,7,-5.736,0,0.0596,0.0342,2.65e-05,0.354,0.114,119.748,171253,4,False,3,2023-03-21,3oaW6fjLbqfuBXlHYT4X06,Danskalas,5,
4CiVz4bw7X1zjCaJ5ZwxUS,0.395,0.784,10,-5.903,0,0.132,0.0135,0.0,0.213,0.353,161.946,203948,4,True,78,2023-01-31,5SjHojBg6zfZHMqWYjFzFE,Watch The World Burn,1,https://p.scdn.co/mp3-preview/ba93462ec989edfa0b96c4a05c9d08550349dc5b?cid=29942d75c20b46b9b01eb4cd31edff20
3V3VNnnTJcrfZudQFGfAP1,0.392,0.487,7,-5.899,1,0.045,0.29,0.0,0.102,0.38,162.071,175480,4,False,56,2023-04-28,2WSeZEFsZKPJQ09abZCIaz,NATE SMITH (DELUXE),6,https://p.scdn.co/mp3-preview/1c67225321d910676e3562224f8cc744e36d6233?cid=29942d75c20b46b9b01eb4cd31edff20
5iE3eUH2WGCXcE2xr6DEmU,0.729,0.763,10,-4.407,1,0.0363,0.033,1e-06,0.192,0.864,126.002,145441,4,False,75,2023-04-07,7lWGbTl1g2VxxWg9fDvF99,Waffle House,1,
4l61TlfmTwxt7PdzEe28rz,0.371,0.714,5,-5.455,0,0.145,0.127,0.0,0.12,0.325,181.367,118994,3,False,59,2023-02-24,1gZbP4bJhkyyompPUyfAdj,Wings,1,
6OklSp2KgnW8RWNdQ7n8o1,0.593,0.591,2,-8.43,1,0.0458,0.295,0.00918,0.289,0.482,98.976,141012,4,False,65,2023-07-07,2T7LuxZRr6SQMgABLtoYTH,Sunburn,4,https://p.scdn.co/mp3-preview/0c8833002b3c6722f629799bdd94d4db0eb02e0a?cid=29942d75c20b46b9b01eb4cd31edff20
7J6ZI2YKLJ8DUY2XFREHvL,0.7,0.885,9,-4.106,0,0.0531,0.0442,0.00698,0.0836,0.777,125.017,165151,4,False,59,2023-03-09,5qlydNF8Z6kousaKWE5jRB,I Wrote A Song,1,
1IIRLevcO06GJ2w83UNCMi,0.487,0.796,9,-4.656,1,0.0393,0.00329,0.0,0.347,0.33,156.11,182640,4,False,38,2023-04-28,2WSeZEFsZKPJQ09abZCIaz,NATE SMITH (DELUXE),16,https://p.scdn.co/mp3-preview/4518a4884013f961e994422df932efb3f79fa2b6?cid=29942d75c20b46b9b01eb4cd31edff20
5o4XJKRxUK6nXhFLAIS33A,0.284,0.755,1,-3.145,0,0.05,0.00335,0.00195,0.103,0.199,93.384,214067,4,False,80,2023-09-13,4jLwuz6VaUKuIiS799cU2z,Gimme Love,1,https://p.scdn.co/mp3-preview/57e9bf4aa940cf787d4ee5b4927620efa79b2463?cid=29942d75c20b46b9b01eb4cd31edff20
2mLV96M3Ee4oQzShI2CwAK,0.75,0.637,2,-6.557,1,0.027,0.299,0.0743,0.126,0.459,124.057,232247,4,False,49,2023-04-06,0zCeZc7mhxfKvQRawdS8wr,i/o (Bright-Side Mix),1,
2iNmegOcdmt4peYrh9S8qI,0.499,0.608,7,-7.2,0,0.0767,0.0919,8.31e-05,0.186,0.53,91.884,155862,4,False,76,2023-03-30,6Ti9115Odt4vwKJTCdG5WN,Jagger.mp3,1,https://p.scdn.co/mp3-preview/3260f0d4c15f95adbca868d3009cc7966b02db54?cid=29942d75c20b46b9b01eb4cd31edff20
1fOmmZ1T1qHyhx5yt5IOS2,0.768,0.765,1,-5.398,1,0.171,0.0215,0.000133,0.148,0.756,88.154,175947,4,False,49,2023-03-03,6K5RX7xasf8WdeQjapsThS,BEN,6,https://p.scdn.co/mp3-preview/3cb4929fa36a511b80a6577f469d3ab091da7d34?cid=29942d75c20b46b9b01eb4cd31edff20
4A36Q1EDsHuKUvhtpAVh0i,0.431,0.607,1,-6.471,1,0.0319,0.0229,0.0,0.0911,0.332,161.968,201280,4,False,39,2023-04-28,2WSeZEFsZKPJQ09abZCIaz,NATE SMITH (DELUXE),18,https://p.scdn.co/mp3-preview/be1ef532f3351ea91b5eae310072e1cab3bc8243?cid=29942d75c20b46b9b01eb4cd31edff20
63ZSZznbGQhzJhOHPZ6WkT,0.747,0.802,11,-5.859,1,0.0346,0.0117,0.0102,0.275,0.552,120.012,175247,4,False,65,2023-06-23,5c56JYNgc48iDnwHHlOcye,chemistry,7,https://p.scdn.co/mp3-preview/8a9da38b085da792d591fae20976ad7ea4a6678b?cid=29942d75c20b46b9b01eb4cd31edff20
6Ahy5fItdBfXRVWYOLo7pM,0.513,0.788,10,-4.613,0,0.029,0.00056,1.85e-05,0.174,0.625,104.022,225360,4,False,71,2023-03-31,12n7yWhXKfnjn0HMEcrNj9,Fires Don't Start Themselves,1,
60ewVMmFN7yaCRj1B4xKoS,0.653,0.697,5,-6.878,1,0.0454,0.176,8.18e-05,0.114,0.151,126.007,190476,4,False,58,2023-05-19,1UXk3tqoiztm67jUI7muv9,Hero (feat. Sasha Alex Sloan) [VIP Mix],1,https://p.scdn.co/mp3-preview/563d0c804f3ca365ad2cc15a2c98b2a605afbd45?cid=29942d75c20b46b9b01eb4cd31edff20
0SVAvISGgIO7HHkuBgCjcF,0.754,0.78,0,-10.083,0,0.19,0.0846,0.0,0.23,0.832,140.037,230200,4,True,26,2021-04-14,3VuZPeMMr7MII5oEpO1cO2,The Elon Musk Song,1,https://p.scdn.co/mp3-preview/bb9c2419ff182cc97a8e3364c75e5fbc3839f62d?cid=29942d75c20b46b9b01eb4cd31edff20
589aAz8258JEsMwpJglalU,0.497,0.869,11,-4.046,1,0.0319,0.000303,0.00794,0.067,0.284,120.41,670253,4,False,55,2023-04-14,6UwjRSX9RQyNgJ3LwYhr9i,72 Seasons,12,
6G4q8Qb7CQP5gVtzQNK0zT,0.68,0.659,8,-8.447,1,0.237,0.0344,0.000205,0.205,0.157,136.944,260111,4,False,82,2023-10-05,35nmDyrcnDY4B1ISYpKEEs,For All The Dogs,7,
0J1YRLYhTG1MBosjidD7OI,0.753,0.669,7,-4.914,0,0.104,0.0378,0.0,0.122,0.584,140.948,247469,4,True,75,2023-08-04,42dnGUpj3OEU4anDNW69j3,Good Good,1,https://p.scdn.co/mp3-preview/5c4da4a4cf896268e243f545f81575986c9d2948?cid=29942d75c20b46b9b01eb4cd31edff20
0mw1bEX0GYt1txWBjwGmRJ,0.56,0.794,5,-6.12,1,0.048,0.0206,6.63e-06,0.131,0.767,168.012,199147,4,False,53,2023-09-15,2mPSmGrWTnWuND6i6CwgWE,When the Rain Comes,1,https://p.scdn.co/mp3-preview/14dba1e12762ba198d5ede93a32d0919eb564b7a?cid=29942d75c20b46b9b01eb4cd31edff20
6ALiIRPSgKaMRu5PDBZvN8,0.589,0.601,1,-6.882,0,0.201,0.00307,0.0,0.0976,0.439,159.871,156262,4,True,58,2023-05-26,6ciIG1XKTlVIn0Yl8rvsce,Almost Healed,8,https://p.scdn.co/mp3-preview/f3885c4377d3eb94744c7c1c0e9105d1e147227a?cid=29942d75c20b46b9b01eb4cd31edff20
7iUvtFAYg293pzSfKNBGlG,0.687,0.783,4,-2.124,1,0.033,0.246,0.0,0.153,0.245,102.023,201733,4,False,62,2023-09-25,3dYzgkq8CgNH72HHYmNfCQ,Kiss Me (feat. Rina Sawayama),1,https://p.scdn.co/mp3-preview/866012baf012be6c4516c656e8c357ab93b4224d?cid=29942d75c20b46b9b01eb4cd31edff20
54jTwGhfW2TNk9zqxGHjLW,0.524,0.952,1,-3.994,1,0.05,0.000701,0.0,0.793,0.553,122.07,156733,4,False,41,2023-04-28,2WSeZEFsZKPJQ09abZCIaz,NATE SMITH (DELUXE),11,https://p.scdn.co/mp3-preview/75ff5e6b6b3531eefc53cccfbea3f9f7c228c48f?cid=29942d75c20b46b9b01eb4cd31edff20
28YHbbcf68H8sECDaZcuEA,0.542,0.74,10,-4.318,1,0.0482,0.0696,0.0,0.0607,0.63,139.941,189093,4,False,43,2023-04-28,2WSeZEFsZKPJQ09abZCIaz,NATE SMITH (DELUXE),5,https://p.scdn.co/mp3-preview/7b46f179e6e32450d9b02c8a3b96a2d0b41c1b06?cid=29942d75c20b46b9b01eb4cd31edff20
4vyqrAVEul5bp6gFlEi7pW,0.254,0.331,8,-15.169,1,0.0717,0.924,0.65,0.116,0.157,72.472,140332,4,False,43,2023-03-03,3EsCXqPcb9QTbmmtkqqEpI,Justice for All,1,https://p.scdn.co/mp3-preview/f21cfe51ec7763f718ff1e0479084a66cf68b0f2?cid=29942d75c20b46b9b01eb4cd31edff20
1nv0TQDFYyW40u2odQNt5H,0.49,0.402,6,-5.554,1,0.0521,0.819,0.0,0.0794,0.323,77.724,168387,4,True,46,2023-05-19,5hOFWwfkeWetTEnMTbX4q9,Gag Order,12,https://p.scdn.co/mp3-preview/2849cf567a2638230c41c10154093ea6308a4317?cid=29942d75c20b46b9b01eb4cd31edff20
7ESy9F0iOCwa5PEl9SdnOD,0.732,0.855,7,-4.064,1,0.0415,0.306,0.0,0.12,0.221,106.004,242691,4,False,0,2023-10-17,1oPl8hpsYF7mpqMJRHMfai,Most Streamed Rap Songs 2023,2,
70j7OPe212pBwT1rJG5E5l,0.558,0.773,5,-4.367,1,0.0336,0.0296,0.0,0.338,0.592,90.007,198339,4,False,44,2023-02-03,5zDqo50KERwnv3vlFE4y99,Queen Of Me,6,
3gUC7tGDPVLOq42vvTUVdI,0.688,0.644,11,-7.629,0,0.0596,0.0234,0.00202,0.0995,0.508,145.926,159418,4,False,63,2023-03-08,0Pc0YjphyuqsZbeHJq7AJ0,Who the Hell Is Edgar?,1,https://p.scdn.co/mp3-preview/91bdf1e0480f9418f7ca97498f0f28ca9e3b56f0?cid=29942d75c20b46b9b01eb4cd31edff20
2ehLKvUsJq3EUAPpvT5GOM,0.509,0.78,1,-4.793,1,0.347,0.282,0.0,0.111,0.555,175.276,180359,4,True,59,2023-02-23,6Qi8Hf2PW97oZP2a4Tvd24,Kant Nobody,1,
6vpjd0GcP1KnZkxJ0XFmBM,0.74,0.672,1,-5.276,0,0.356,0.0511,0.0,0.082,0.217,155.903,166032,4,True,59,2023-07-14,4tH03Y2xfQNtG0CXJ8eGYN,Grandson,9,https://p.scdn.co/mp3-preview/1b3531f72920a5e7326c2261a66c666b9614d331?cid=29942d75c20b46b9b01eb4cd31edff20
6FizCUtqDxSYh35326Xd0q,0.699,0.375,5,-9.428,1,0.093,0.813,0.0,0.139,0.81,179.849,141903,4,False,55,2023-06-02,6gg1EATMm8D7SM4YxPnXZ4,serious person (part 1),7,https://p.scdn.co/mp3-preview/85817a0211e4e7916688880c0a17cf8d39fd191e?cid=29942d75c20b46b9b01eb4cd31edff20
7AxKYTuOktAVkEFGS9Szjd,0.405,0.102,11,-12.794,1,0.0438,0.644,1.84e-06,0.145,0.202,134.303,238665,3,False,56,2023-06-15,3uc7ga2MobwRoS020sRZ4E,Guerrero.mp3,1,https://p.scdn.co/mp3-preview/ca147480d77ac882af055ee5351e7c88efce7cf1?cid=29942d75c20b46b9b01eb4cd31edff20
5APPlPgagEAXjGLIizqSDS,0.579,0.666,0,-5.953,0,0.0839,0.0717,0.000422,0.0949,0.446,84.016,173467,4,False,63,2023-07-07,2T7LuxZRr6SQMgABLtoYTH,Sunburn,10,https://p.scdn.co/mp3-preview/28d52f9b07f799a8aa46952027ae499c5c2c8e36?cid=29942d75c20b46b9b01eb4cd31edff20
6bmPV1yUQKsWnmJ1QyolDA,0.584,0.913,4,-5.237,0,0.204,0.0246,0.00118,0.123,0.473,89.978,154880,4,False,42,2023-10-13,2yyDNz8lkP0igqZfZzEgv0,Jonny,2,https://p.scdn.co/mp3-preview/71d75edcdf3342c6b20d36936c38eb47c93283d4?cid=29942d75c20b46b9b01eb4cd31edff20
7jK9Aa2sjIytQYaKRG6Yix,0.489,0.822,11,-5.48,1,0.113,0.226,6.81e-06,0.12,0.527,180.038,262000,4,False,53,2023-09-20,0TxUTBUMlD9PRMNzvWppCq,The Flowers,1,https://p.scdn.co/mp3-preview/70aff48b16d673df847a89bba9d20d90b79e56ba?cid=29942d75c20b46b9b01eb4cd31edff20
0rc6gtN1L7i0TacdfxhiND,0.511,0.876,2,-2.555,1,0.0431,1.96e-05,7.35e-06,0.077,0.682,92.467,138461,4,True,71,2023-10-13,3inphIxOlFnDL3CD3wkMe6,FELL IN LOVE,1,https://p.scdn.co/mp3-preview/5d34e0749c030c9f6cf5d781001ced4758feaa2b?cid=29942d75c20b46b9b01eb4cd31edff20
2DECGcsggRt1xGIZGIL1gN,0.772,0.644,11,-5.657,1,0.0433,0.154,2.27e-06,0.121,0.337,96.02,199513,4,False,43,2023-08-04,3H6bts8wvXTfbOtSXDc49q,How We Roll,2,https://p.scdn.co/mp3-preview/bc454f53de8d182e8b0403a83d7d8a8c1d0f8d8a?cid=29942d75c20b46b9b01eb4cd31edff20
7L1UTbTKbYtQPTC7TCrTDH,0.52,0.776,9,-4.879,0,0.0391,0.00912,0.0,0.116,0.5,92.114,183680,4,False,43,2023-04-28,2WSeZEFsZKPJQ09abZCIaz,NATE SMITH (DELUXE),4,https://p.scdn.co/mp3-preview/71d83f0c8870a09344775d025a56c56b8df512f7?cid=29942d75c20b46b9b01eb4cd31edff20
1TOiDnIY8HgPyDLSR08QXq,0.407,0.588,1,-8.056,1,0.0531,0.00898,0.0,0.131,0.25,75.188,218947,4,False,45,2017-03-17,5YLRVHDVRw3QqWbeTGpC5B,So Good,1,https://p.scdn.co/mp3-preview/ff7fde3d27610e6d34672a44b76c45cc1a7909dc?cid=29942d75c20b46b9b01eb4cd31edff20
14XLUySagFhP9KoqOTg5ka,0.787,0.677,0,-5.304,1,0.0435,0.0676,0.0,0.262,0.598,100.035,175776,4,False,73,2023-01-13,664YJTJqj4tcY4y74AWgvz,VIBE (feat. Jimin of BTS),1,https://p.scdn.co/mp3-preview/331f2eb60dc7073c69695edf18d644d04d3b1a04?cid=29942d75c20b46b9b01eb4cd31edff20
586I425aeO3QMzvSZcUOEd,0.697,0.787,0,-5.51,1,0.0338,0.0186,0.0,0.167,0.291,125.975,261360,4,False,60,2023-04-28,2WSeZEFsZKPJQ09abZCIaz,NATE SMITH (DELUXE),14,https://p.scdn.co/mp3-preview/07072f8c7dda0fddce178c29fa8e67a616ddbc42?cid=29942d75c20b46b9b01eb4cd31edff20
2pCLGdgYfNcdS5stH8Uxkd,0.65,0.871,3,-5.031,0,0.249,0.0572,0.0,0.125,0.607,168.159,161429,4,False,56,2023-05-13,4UFvD76Cq9sBrNZtLEWkzD,Easy,1,https://p.scdn.co/mp3-preview/0086dc29c50c308c7c30a4073ba8f55bb64bf16e?cid=29942d75c20b46b9b01eb4cd31edff20
5ttodnEIaCGDuBbvJctUfc,0.578,0.651,4,-5.534,0,0.0508,0.0768,5.59e-05,0.112,0.144,128.932,209803,4,True,63,2023-05-19,5qIq5q9nx9fymmk5JyKmsB,End Of Time,1,https://p.scdn.co/mp3-preview/3750648de0bfda6390f84b27a1e871ec5605f469?cid=29942d75c20b46b9b01eb4cd31edff20
1Ctpx7KNArfunRYQTC4baC,0.483,0.601,8,-12.232,1,0.0272,6.62e-05,0.156,0.303,0.96,129.969,46454,4,False,0,2023-04-01,1T3QEdQHIa4Pr1AFiJmaW6,Variety Box Melody Edition Vol.94,2,https://p.scdn.co/mp3-preview/e2f31a958d16d12b235a735e388bbe083032f396?cid=29942d75c20b46b9b01eb4cd31edff20
0wVfr0yoEFUVJ5TQ3xW3AT,0.542,0.98,7,-3.932,1,0.102,0.0219,0.0,0.112,0.412,139.948,249618,4,False,26,2023-05-23,34RoJP7QdFn0JZmc9mn6ZU,United Strike Back,1,https://p.scdn.co/mp3-preview/7b5262e5340ab2259429e54e10416afe5aefb804?cid=29942d75c20b46b9b01eb4cd31edff20
1cdqNRXIRrvT4HnApj6yw6,0.645,0.496,5,-7.776,0,0.119,0.024,0.0,0.194,0.212,130.984,194213,4,True,68,2023-03-03,1lbRv6yB7ZI2MuoGG9io6E,if looks could kill,1,
2Z90fzU2ZlMaUEgA2rhJxr,0.652,0.67,0,-8.109,1,0.21,0.344,0.00019,0.311,0.654,93.775,179152,4,True,63,2023-07-07,2T7LuxZRr6SQMgABLtoYTH,Sunburn,9,https://p.scdn.co/mp3-preview/492efe420004a146a83d46207cf823a12780e310?cid=29942d75c20b46b9b01eb4cd31edff20
4mguqGp69ZnT260moi25Gd,0.504,0.605,0,-5.119,1,0.0318,0.0548,0.0,0.128,0.241,141.99,206360,4,False,50,2023-04-28,2WSeZEFsZKPJQ09abZCIaz,NATE SMITH (DELUXE),15,https://p.scdn.co/mp3-preview/d4046f42c670dbf90caf3de3c0059ac009ae5de4?cid=29942d75c20b46b9b01eb4cd31edff20
52WWw9qNZXZZtWU336TtKG,0.743,0.714,8,-6.024,0,0.105,0.0126,0.0,0.0901,0.749,138.595,124906,4,True,71,2023-05-26,6ciIG1XKTlVIn0Yl8rvsce,Almost Healed,17,https://p.scdn.co/mp3-preview/3aafaf941fa34f12286e729626d07a5d870e96c7?cid=29942d75c20b46b9b01eb4cd31edff20
4w2PIlbpP4jhc1S9MHUHzb,0.699,0.702,0,-6.85,1,0.0653,0.0116,0.00233,0.175,0.524,134.391,202495,4,True,50,2023-01-20,0bTnYKeASx4Fjaf2ez2Us3,Welcome To My Island (Remix),1,https://p.scdn.co/mp3-preview/15f5c31023e3285e0cbe6abdf8926d7c67a96cf7?cid=29942d75c20b46b9b01eb4cd31edff20
3my33XXLpYUzVEeLOyftV2,0.847,0.487,9,-5.519,1,0.047,0.211,0.0,0.0761,0.811,97.018,115618,4,False,69,2023-07-07,2T7LuxZRr6SQMgABLtoYTH,Sunburn,12,https://p.scdn.co/mp3-preview/36178e647824389a5eee87024e55321654afc107?cid=29942d75c20b46b9b01eb4cd31edff20
0IaBabC5dvWwtXP3YCQmTz,0.574,0.55,10,-7.418,0,0.0378,0.328,0.128,0.105,0.351,145.893,407027,4,False,44,2023-05-05,0l9ZdF8EQalAlrmwDlONZn,Four Kinds of Horses (Bright-Side Mix),1,
5ya0TmUQw2wHMkq36rPsnd,0.461,0.887,11,-4.871,0,0.0429,0.000219,0.0,0.104,0.411,95.964,189987,4,False,77,2023-04-28,2WSeZEFsZKPJQ09abZCIaz,NATE SMITH (DELUXE),21,https://p.scdn.co/mp3-preview/8ddc5f5f5217d4f0ed967a0da94ad86a42d01985?cid=29942d75c20b46b9b01eb4cd31edff20
7qaMlLPdwNiiU1Uiy1oAdO,0.647,0.776,7,-5.221,1,0.0514,0.00686,0.0,0.119,0.268,103.919,162733,4,False,71,2023-06-09,0aRxuDLQsKlZMgz61rb3t8,Glory Days,1,https://p.scdn.co/mp3-preview/de00787e3c1a0459a2158ac30985d24cf7a5cf51?cid=29942d75c20b46b9b01eb4cd31edff20
2VZ0Peg1TfRHmZeTkM5k5t,0.473,0.709,2,-5.942,1,0.0448,0.00169,9.02e-06,0.0724,0.229,112.174,172500,4,False,24,2023-01-27,0aBnbEY9ZO8h0DzbjZurxW,We Are One (Eurovision Song Contest Edit),1,https://p.scdn.co/mp3-preview/f95ed94512578bab6033f5734ae72304a100f915?cid=29942d75c20b46b9b01eb4cd31edff20
4C2Y3Y2x2PbOqwdNBuLjP3,0.642,0.715,8,-5.711,1,0.0385,0.00265,0.0,0.094,0.588,119.938,246307,4,False,60,2023-08-18,5DvJgsMLbaR1HmAI6VhfcQ,Endless Summer Vacation,9,https://p.scdn.co/mp3-preview/17f92266d5dc32c2b51d439c38526dc9ad67a734?cid=29942d75c20b46b9b01eb4cd31edff20
6fdQvsTovmthTYJwu5haZc,0.664,0.692,5,-10.109,0,0.0596,0.0518,0.0184,0.143,0.84,147.91,165608,3,False,24,2023-05-31,64eauJi0agLOpLvs1pyIZo,ella baila sola - instrumental,1,https://p.scdn.co/mp3-preview/c2ab46608cd6be3457340bf01ac8c189434e427d?cid=29942d75c20b46b9b01eb4cd31edff20
07VO3reZzKKNMv2zrVox20,0.885,0.579,11,-5.14,0,0.0596,0.00318,0.0,0.0708,0.817,123.038,199512,4,False,4,2023-09-30,4Ln970ASmbjKQbl0eLyBUH,Smokin' Hot Songs: Musik für dein BBQ,16,https://p.scdn.co/mp3-preview/823e13dbfcd30f1aeec9759294dee929d37a871e?cid=29942d75c20b46b9b01eb4cd31edff20
5vg13q0WVz8iamRtUjaVU0,0.639,0.519,6,-6.334,0,0.238,0.00927,0.0,0.197,0.359,160.404,229000,4,True,55,2023-06-23,6qElaeK7SHsEzb8uV8eG3D,BUSINESS IS BUSINESS,12,https://p.scdn.co/mp3-preview/5217c542c4d07c607076b4e9bf2f77e3369b41c9?cid=29942d75c20b46b9b01eb4cd31edff20
72GxZoK78RTS5QuGqyAMtk,0.309,0.503,4,-7.731,1,0.0503,0.836,0.172,0.577,0.298,155.398,206013,4,False,31,2023-05-19,5gJSC3H04ubhi6BTtdViqR,Gag Order,4,https://p.scdn.co/mp3-preview/c7a579622c92a658d54d514f6a70536d0959fd28?cid=29942d75c20b46b9b01eb4cd31edff20
4eXRy0k0sWckqIhaCpHdB1,0.501,0.474,2,-10.779,1,0.0414,0.00103,0.778,0.363,0.246,122.016,244457,4,False,3,2023-10-15,3rxFgtK8wLvqZUx29ZTo4k,First Person Shooter,1,https://p.scdn.co/mp3-preview/30df08057b78d333fbe538ab414b833658071571?cid=29942d75c20b46b9b01eb4cd31edff20
4Z59a9hIn8EMsni3OiqGso,0.538,0.452,2,-7.994,1,0.0462,0.368,2.26e-05,0.0635,0.209,168.102,222840,4,False,71,2023-07-07,2T7LuxZRr6SQMgABLtoYTH,Sunburn,3,https://p.scdn.co/mp3-preview/5396c0ca0f450b38f9c282b8d71682a22c5d3020?cid=29942d75c20b46b9b01eb4cd31edff20
293QwzG48nRXlqk5lGDUbw,0.786,0.698,1,-4.697,1,0.0976,0.0175,0.0,0.194,0.168,154.954,142452,4,True,73,2023-06-02,12QMwxaBwtZWp7BKBwzaol,Hard To Love,2,
0J1kF6VdorvmLjmRJObiV1,0.635,0.609,6,-7.867,1,0.115,0.461,0.00627,0.25,0.262,81.5,319493,4,False,54,2023-08-04,4ocB97o3gdrIYyIwYSSwVy,METRO BOOMIN PRESENTS SPIDER-MAN: ACROSS THE SPIDER-VERSE [SOUNDTRACK FROM AND INSPIRED BY THE MOTION PICTURE (METROVERSE INSTRUMENTAL EDITION)],5,
2sITbbWIOeg2Lwp4WN2jqr,0.698,0.846,8,-3.735,0,0.0981,0.406,0.0,0.204,0.726,103.968,205385,4,False,69,2023-03-23,0cfvGEzoMnxtDKCcugR6Tv,Fly Girl (feat. Missy Elliott),1,
1pLglW5mDscxmbo32uaf3U,0.636,0.708,9,-8.512,0,0.0479,0.394,0.0,0.13,0.485,139.829,129603,4,False,64,2023-06-23,3wiC6E5VBDno4edLIFcWKY,INGEN KAN SLÅ (BOTEN ANNA),1,https://p.scdn.co/mp3-preview/a6a8d0a905a5c301dab3b14ea8dd6b6cf78fb58a?cid=29942d75c20b46b9b01eb4cd31edff20
4fZGS91wTt1oqzqew686t7,0.677,0.71,0,-4.603,1,0.0393,0.0033,0.0,0.548,0.792,110.038,176800,4,False,46,2023-04-28,2WSeZEFsZKPJQ09abZCIaz,NATE SMITH (DELUXE),7,https://p.scdn.co/mp3-preview/e2d5e466856212a45d013c8296baf8df9fdb3eb0?cid=29942d75c20b46b9b01eb4cd31edff20
1iK1hVN9o1zkpxw396QGbd,0.481,0.58,1,-6.417,1,0.375,0.00302,0.0,0.42,0.311,62.451,153308,3,True,69,2023-06-09,6uoGeT623i76TwlgYFfe42,Hood Hottest Princess,3,https://p.scdn.co/mp3-preview/54eaffad03d52d8a0928da03de5ce61b43415c2a?cid=29942d75c20b46b9b01eb4cd31edff20
3NJtfxQ0nWp7Q9f8Lp5GSh,0.655,0.699,8,-7.914,1,0.0287,0.301,0.17,0.15,0.712,130.967,220500,4,False,34,2023-09-29,29e3LWlDjW6AcToJuGCHGE,Loop Soup,1,
1qMfY3DUDcwYcqdOmzWaPY,0.534,0.838,2,-5.381,1,0.0507,0.00091,0.0,0.275,0.225,122.096,198067,4,False,43,2023-04-28,2WSeZEFsZKPJQ09abZCIaz,NATE SMITH (DELUXE),22,https://p.scdn.co/mp3-preview/ca987b7520dd23034cfa0f2ac7d23f09a763b388?cid=29942d75c20b46b9b01eb4cd31edff20
7MSWxMumjz6lHj7oRApNbg,0.353,0.77,1,-11.066,0,0.0493,0.0016,0.598,0.109,0.224,145.225,267893,4,False,82,2023-07-21,5yeOXz3vHyMv8ySLEcCya7,White Horse,1,
0MBRKCgePXewM1iBQiPn7Q,0.82,0.66,6,-4.05,0,0.0348,0.201,3.45e-05,0.27,0.765,120.002,174223,4,False,74,2023-09-01,0leO4lM0iYTks8dy039b7c,Keep Going Up,1,
6po54wKTw6h8H3KnLmcEC7,0.721,0.63,0,-7.057,1,0.257,0.00327,0.0,0.367,0.442,106.622,120128,5,True,56,2023-05-26,6ciIG1XKTlVIn0Yl8rvsce,Almost Healed,9,https://p.scdn.co/mp3-preview/5a318f22be32827c89bd41c15edcaff6cfd515f3?cid=29942d75c20b46b9b01eb4cd31edff20
3F4lHPNHlvr3RpO4tpVOIs,0.551,0.886,6,-3.843,1,0.0699,0.111,0.0,0.112,0.383,82.034,180988,4,False,75,2023-07-10,7fV7RChHagCcKRnAaDRXuX,YOUTH IN THE SHADE,2,https://p.scdn.co/mp3-preview/0da5a89157ab56fdb114458d9713c995405c53cc?cid=29942d75c20b46b9b01eb4cd31edff20
1PGc9smXkDk2I7v8zsI0GB,0.736,0.575,10,-8.097,1,0.0951,0.637,0.0,0.106,0.767,99.024,158598,4,False,63,2023-03-09,51XNz5aKjz3NjAZNQY40bp,Home For My Heart,1,
0Wol7MZhI5RFFUIwPigCyd,0.667,0.848,1,-6.287,0,0.0456,0.0224,0.000607,0.0862,0.772,116.018,163891,4,False,2,2017-01-01,2m8jbLnDPxrQiW1ebt081C,Hit Songs (Feelgood Pop for the Masses),1,https://p.scdn.co/mp3-preview/2b74449b09f0dc6a32b080e214540272b608e50e?cid=29942d75c20b46b9b01eb4cd31edff20
1o6uF8VmXna99ysHTcQRI2,0.799,0.701,1,-3.604,1,0.0826,0.0293,3.33e-05,0.187,0.283,95.019,232622,4,False,72,2023-05-19,3cxdpO2eZx2VT2OWyca18o,GENTO,1,https://p.scdn.co/mp3-preview/fe3404e43f532c8f291d252023b5651f1662719e?cid=29942d75c20b46b9b01eb4cd31edff20
1O8zCu3dLLPxkbGfIsbRgE,0.731,0.744,1,-5.77,0,0.174,0.109,0.0,0.123,0.727,171.859,223344,4,True,78,2023-03-17,1O9xrX782LqLx4Z60528Ih,What It Is (Block Boy) (with Kodak Black),1,
4edV1CvHFxjjWaNSDBbNNw,0.946,0.484,6,-8.387,0,0.366,0.00402,0.0202,0.0775,0.0371,119.018,129228,4,True,0,2022-02-02,1dakIQfEFhth5EinXaHV0K,Street Songs,3,https://p.scdn.co/mp3-preview/fd824dea41a98f050868f9828fa517a7f1038132?cid=29942d75c20b46b9b01eb4cd31edff20
1Xnha5ko8j7yY8O3ATe0Vs,0.793,0.768,1,-1.909,1,0.0499,0.0328,0.0,0.121,0.802,129.944,180627,4,False,69,2023-07-13,1BxRutqDtvMJfiovw76gxe,I WANT,1,https://p.scdn.co/mp3-preview/f51f02387be182b05f1563b1d611c764d43bb4c4?cid=29942d75c20b46b9b01eb4cd31edff20
7I2ue60s8PvCbc1Oovt5ph,0.741,0.915,4,-2.666,0,0.102,0.0133,0.0,0.0756,0.596,119.918,202053,4,False,52,2023-03-06,6vlYZzNPs1SCafyLKbmUrC,MASTER : PIECE,1,https://p.scdn.co/mp3-preview/efbea967c4a65106f958b15b5c749a51c0824de6?cid=29942d75c20b46b9b01eb4cd31edff20
2RusVuSfE1anMY1IDYMrGw,0.549,0.648,0,-6.381,1,0.0272,0.0105,0.000988,0.111,0.258,139.974,230893,4,False,40,2023-04-28,2WSeZEFsZKPJQ09abZCIaz,NATE SMITH (DELUXE),9,https://p.scdn.co/mp3-preview/f0f3e6e9b6da8abdf60c97d7bf3df0911205da71?cid=29942d75c20b46b9b01eb4cd31edff20
0UMqDSXk4xvoCNRrIEPf7T,0.818,0.526,1,-8.078,1,0.277,0.0103,0.0,0.146,0.531,125.061,214594,4,True,64,2023-01-13,2itGUEHsT50CrgnuO2msY7,King Snipe,1,https://p.scdn.co/mp3-preview/8eed06a5f57e244eaa67a628710149f296c199f3?cid=29942d75c20b46b9b01eb4cd31edff20
3XVE008fBpPbPAJaovahCf,0.523,0.514,5,-8.779,0,0.0382,0.308,0.00369,0.213,0.241,106.953,170485,4,True,47,2023-09-15,5wLZObGvfihAm7mfidz2SY,CHARGED UP,10,https://p.scdn.co/mp3-preview/638b6b099b9308d262a964610426a182bcf6ec30?cid=29942d75c20b46b9b01eb4cd31edff20
31yydnZnSeCwkRPY7tlgQJ,0.595,0.829,2,-3.95,1,0.226,0.00594,0.000101,0.153,0.501,113.319,169893,5,True,70,2023-03-31,54h4yyqWQl5z0jKkiS07is,Hot Boy (feat. Lil Baby),1,https://p.scdn.co/mp3-preview/bb2c514a3cb7774c05e27283d9de19e8e4da437f?cid=29942d75c20b46b9b01eb4cd31edff20
1olWQ1LOUYs4VBwx5N8Lz9,0.534,0.409,7,-9.559,1,0.0378,0.844,0.000656,0.115,0.243,127.357,225827,4,False,79,2023-07-27,2LmPlAxpD5cS5ne6dQvxbc,In Your Love,1,https://p.scdn.co/mp3-preview/985b3eaba3738b7c456def03ac972c4ee1cb31da?cid=29942d75c20b46b9b01eb4cd31edff20
4sB1OmmCi2Iwe9MaVlUubR,0.521,0.86,11,-6.46,0,0.0551,0.0607,0.000114,0.151,0.436,120.029,237867,4,False,70,2023-09-22,3StjwfadugiV10gNhLDu29,Tension (Deluxe),2,https://p.scdn.co/mp3-preview/30fcb66c1e6bf901cee86b16afef37e88ac5836c?cid=29942d75c20b46b9b01eb4cd31edff20
7l6nGz4gp6HGs5Cvmdeqe4,0.634,0.538,0,-9.213,1,0.0603,0.0514,0.0,0.099,0.152,168.029,160714,5,True,72,2023-03-31,59tAwDdjCaaS05aoSHuqv0,Fight The Feeling,1,https://p.scdn.co/mp3-preview/e4606963910084c0183a8f9d173c058336e3964f?cid=29942d75c20b46b9b01eb4cd31edff20
1gyjapn4l4pe85LAiWeJRQ,0.493,0.843,6,-3.926,1,0.0613,0.00294,0.0,0.141,0.832,165.982,179187,4,False,43,2023-04-28,2WSeZEFsZKPJQ09abZCIaz,NATE SMITH (DELUXE),3,https://p.scdn.co/mp3-preview/7d58f563dd4939d31109d197084a4a021ce95f75?cid=29942d75c20b46b9b01eb4cd31edff20
3Y1yPRugBkAsBeP9piuFEG,0.664,0.485,0,-8.38,0,0.244,0.00135,0.0,0.127,0.412,162.943,179604,4,True,54,2023-05-26,6ciIG1XKTlVIn0Yl8rvsce,Almost Healed,21,https://p.scdn.co/mp3-preview/a1a86b5983b9970d84283a5b4ceb2354772cd226?cid=29942d75c20b46b9b01eb4cd31edff20
5Zth0wNdiEcn7bRa2dJ7Rr,0.221,0.283,10,-10.333,1,0.0345,0.927,4.74e-06,0.143,0.19,71.916,237520,3,False,39,2023-10-13,2yyDNz8lkP0igqZfZzEgv0,Jonny,11,https://p.scdn.co/mp3-preview/895b5683de5cd309ee0f7c970a45b4f2a1f3766f?cid=29942d75c20b46b9b01eb4cd31edff20
3jBF7iixsuIDm6KaLdMqXr,0.575,0.88,1,-4.168,1,0.0391,0.00068,0.0,0.104,0.638,102.024,175507,4,False,48,2023-04-28,2WSeZEFsZKPJQ09abZCIaz,NATE SMITH (DELUXE),8,https://p.scdn.co/mp3-preview/9cfa483ba8ce9ee3c52db7935395d42798b268b4?cid=29942d75c20b46b9b01eb4cd31edff20
1sKtD5KMZgTFHbsxjgqfZh,0.435,0.524,1,-7.834,1,0.0434,0.247,0.000318,0.057,0.294,184.011,229565,4,False,68,2023-06-09,0Q7TVHu87oAlkDhQP18QiX,WHAT THE HELL ARE WE DYING FOR ?,1,
07TSrx1BDK6twM9avkYzbe,0.522,0.954,1,-4.547,1,0.0713,2.1e-05,0.676,0.316,0.239,109.973,187244,4,False,68,2023-06-30,2ua5bFkZLZl1lIgKWtYZIz,Pink Tape,23,https://p.scdn.co/mp3-preview/2482ce32edc2de2d7029d246e352c97bb5322056?cid=29942d75c20b46b9b01eb4cd31edff20
1ACFweuuvf6MHtptObgreR,0.735,0.651,7,-9.25,0,0.112,0.329,0.000205,0.131,0.476,127.07,169000,4,False,82,2023-03-10,0wTaLHasxRWB2VBwh9maAc,Giving Me,1,
5tQJmSRfVsYySApQ5PJpqM,0.865,0.623,5,-9.073,0,0.0468,0.437,0.0,0.14,0.856,135.984,135993,4,False,42,2023-09-08,5h9HK9c2G85zinU0hs6b0i,heart on my sleeve,1,https://p.scdn.co/mp3-preview/8fda21bd5a354709f87fb21666cee876d011e5e4?cid=29942d75c20b46b9b01eb4cd31edff20
7cor6f31zKydHZITFlT5jy,0.635,0.858,0,-2.911,0,0.0341,0.218,0.0,0.125,0.514,116.935,204237,4,False,16,2023-09-29,43u2JbXX3icMNv6dd0aXn6,Heartbreaker,3,https://p.scdn.co/mp3-preview/34d275f93adff5827d8111f517e6c0da319e1442?cid=29942d75c20b46b9b01eb4cd31edff20
6CHz71rEBt1SligO9zx79A,0.634,0.46,2,-8.447,1,0.0454,0.884,0.00715,0.062,0.765,89.119,134358,4,False,58,2023-07-07,2T7LuxZRr6SQMgABLtoYTH,Sunburn,15,https://p.scdn.co/mp3-preview/937a6db8eb0679182db15562fae1558fa9b76d98?cid=29942d75c20b46b9b01eb4cd31edff20
0Wp5yopFqgKyklOReg9S8a,0.736,0.806,4,-2.868,1,0.0483,0.0859,0.0,0.0623,0.682,100.018,194653,4,False,51,2023-10-08,6J2BAxUAbaNojOQNAvXMiR,Hands Up,1,https://p.scdn.co/mp3-preview/9fdec826cc2724c25cae77e757c3f8acaa718bbd?cid=29942d75c20b46b9b01eb4cd31edff20
0bC7GKnxh9W9JIvJ6HVWxc,0.843,0.389,9,-7.664,0,0.036,0.032,5.25e-06,0.109,0.635,123.967,174216,4,False,83,2023-03-31,2xvV55nQYyhozbXtbqwPql,ME,1,https://p.scdn.co/mp3-preview/09740d259ca59790be55c998db9b4220024ec294?cid=29942d75c20b46b9b01eb4cd31edff20
0pZQuSpd5SqnsbxE5vN61Y,0.284,0.271,11,-14.026,0,0.0496,0.624,6.56e-05,0.138,0.196,99.375,134933,3,False,16,2023-09-08,6tMLAVmVyFUj28spIDtBgp,"Impossible Child (Outtake) [From ""The Little Mermaid""]",1,
3imrqqQQKUaOrdWUJeTW7j,0.799,0.681,7,-4.662,1,0.2,0.124,0.0,0.472,0.356,97.947,210054,4,True,2,2016-11-25,5CLrc3yxyqyUlrGpQmJelp,E-40 - The D-Boy Diary: Book 1,16,https://p.scdn.co/mp3-preview/ccd831b353ea5446036894edc705d3b205000855?cid=29942d75c20b46b9b01eb4cd31edff20
6GZOVze6fOGG5VQUUkICHH,0.534,0.937,0,-6.39,1,0.0523,0.0116,0.171,0.1,0.416,179.943,133600,4,False,42,2023-10-13,2yyDNz8lkP0igqZfZzEgv0,Jonny,3,https://p.scdn.co/mp3-preview/b8da77aca2ac3477a036e25998ffa0e103533189?cid=29942d75c20b46b9b01eb4cd31edff20
7qdAWUszZjbgKmXOcTZbXf,0.255,0.357,5,-11.006,0,0.0354,0.875,1.18e-05,0.0822,0.347,86.335,179973,3,False,64,2023-05-19,40tsP3taBOC9HqNaLCZZKP,The Little Mermaid (Original Motion Picture Soundtrack),6,
7wFeVMTlgOu910OH9RctRI,0.86,0.833,0,-2.633,1,0.0606,0.106,0.0,0.254,0.909,119.967,214827,4,False,53,2023-02-22,3UZfvVHePm0ROe6EcJEwMl,I do! Do you?,1,https://p.scdn.co/mp3-preview/214e894f82609ea4b37007201cb27f442ada7efb?cid=29942d75c20b46b9b01eb4cd31edff20
3zXIvb4nZ3cTdT8CsbTy3U,0.352,0.628,1,-6.259,1,0.0428,0.0264,4.74e-05,0.0952,0.387,140.431,222634,4,False,79,2023-07-21,0BaIaHcyBXuOWeM4Aas4EW,Barbie The Album,8,https://p.scdn.co/mp3-preview/595d7b0d2f3b9a5f00567dcb9403d22290595d89?cid=29942d75c20b46b9b01eb4cd31edff20
6xXCn7H2Yl8SDD6jxo5SpN,0.788,0.572,9,-6.227,1,0.0563,0.015,2.14e-05,0.119,0.556,111.996,179164,4,False,82,2023-10-06,2Joq37Cjv3ZL7M2faHWe3b,JENNIE Special Single [You & Me],1,https://p.scdn.co/mp3-preview/e8662698845423f2ceab6113f15d72d08edef467?cid=29942d75c20b46b9b01eb4cd31edff20
1ALXFmNr7lrTug2LAE989q,0.235,0.958,4,-3.069,1,0.0426,8.97e-05,0.0173,0.0374,0.453,172.774,423013,4,False,58,2023-04-14,6UwjRSX9RQyNgJ3LwYhr9i,72 Seasons,5,
44KWbTVZev3SWdv1t5UoYE,0.691,0.813,1,-4.49,1,0.0393,0.201,0.132,0.128,0.537,154.122,125055,4,True,73,2023-07-07,2T7LuxZRr6SQMgABLtoYTH,Sunburn,1,https://p.scdn.co/mp3-preview/1c7ddaa8e27c0a24b1e9a2973358dc432d969270?cid=29942d75c20b46b9b01eb4cd31edff20
7CSxAriQKhvmM7Bu12fm5e,0.734,0.602,2,-7.304,1,0.229,0.00242,0.0,0.0993,0.279,83.486,160975,4,True,61,2023-05-26,6ciIG1XKTlVIn0Yl8rvsce,Almost Healed,6,https://p.scdn.co/mp3-preview/377c3053e51036e470d02b53129ae2f9521e431d?cid=29942d75c20b46b9b01eb4cd31edff20
3eClq9oJiACXJZuCsErmWr,0.655,0.604,10,-7.056,0,0.128,0.0225,0.0877,0.11,0.327,121.95,155410,4,False,62,2023-04-07,2lqGGudTqfh9zLgx0CWiSU,Dreamer,1,https://p.scdn.co/mp3-preview/1387297327dc0249b89d0b711a47b01a13a04825?cid=29942d75c20b46b9b01eb4cd31edff20
0qXGuBm0tmBLjC7InLM3EK,0.703,0.883,9,-2.652,0,0.184,0.0117,0.0,0.255,0.812,131.877,180000,4,False,66,2023-06-16,6XvWGtXvrMdVsFNExEBCDC,Don't Say Love,1,https://p.scdn.co/mp3-preview/931bd36903f5611cf014229845c6bcec0ddb7074?cid=29942d75c20b46b9b01eb4cd31edff20
06vDTKSGYDtZpXt8q0S5Zb,0.825,0.672,6,-7.651,1,0.0635,0.0986,0.89,0.0908,0.816,146.41,165591,4,False,46,2023-02-17,2OXEwDrbFYYhTFf2WiNwOJ,updown,1,
1LWlpRhu9jUkDK47xzUzu1,0.507,0.347,9,-5.887,0,0.0298,0.683,1e-06,0.151,0.0565,114.18,195853,4,False,64,2023-06-18,5M1l0LVWP5xtaimoomh4MY,I'm Not Human (feat. Lil Uzi Vert),1,https://p.scdn.co/mp3-preview/9bfbb0a18ea7c8a3e9a58b8e6799a654b430852b?cid=29942d75c20b46b9b01eb4cd31edff20
68GQVCIEEGNlNfgFShWfRe,0.555,0.886,1,-4.354,1,0.0401,0.000938,0.0,0.12,0.543,117.067,195720,4,False,42,2023-04-28,2WSeZEFsZKPJQ09abZCIaz,NATE SMITH (DELUXE),17,https://p.scdn.co/mp3-preview/5aedeafd14d0255c91744ec8ca23625ab35d9f7c?cid=29942d75c20b46b9b01eb4cd31edff20
2cg9zc2ba5HGiGMTu4oj69,0.686,0.829,8,-4.049,0,0.125,0.066,0.0,0.34,0.562,147.003,208966,4,True,62,2023-06-30,2ua5bFkZLZl1lIgKWtYZIz,Pink Tape,25,https://p.scdn.co/mp3-preview/38294ccd2019cab779a4cc08f97090746258f71b?cid=29942d75c20b46b9b01eb4cd31edff20
3diKIcRsDj2WultNgqi62P,0.63,0.598,8,-5.695,1,0.0683,0.535,1.95e-06,0.105,0.488,141.963,245070,4,True,61,2023-06-30,2ua5bFkZLZl1lIgKWtYZIz,Pink Tape,22,https://p.scdn.co/mp3-preview/239c5bd17871b4721c44c6bc5581cffdd5fd9ac3?cid=29942d75c20b46b9b01eb4cd31edff20
58tgSafBz6b4IihR0R2DoR,0.532,0.93,1,-4.889,1,0.0493,0.00461,0.0,0.0837,0.616,124.004,185053,4,False,42,2023-04-28,2WSeZEFsZKPJQ09abZCIaz,NATE SMITH (DELUXE),24,https://p.scdn.co/mp3-preview/3e2f73357fadac12c03c66e676cb6d8df65a107b?cid=29942d75c20b46b9b01eb4cd31edff20
22quZFeltYbo325rn3ktTe,0.693,0.791,6,-7.902,0,0.0508,0.0284,0.00111,0.117,0.293,136.02,204730,4,False,61,2023-01-13,2yRIzD4GpnSNlGw5gt0Y1o,What You Say?,1,https://p.scdn.co/mp3-preview/b043391c48872a30c03330fc7515edc858b10def?cid=29942d75c20b46b9b01eb4cd31edff20
7LjN25ppKfSfjIPOJxbH7v,0.561,0.732,6,-3.187,1,0.0275,0.0964,0.0,0.093,0.486,138.034,203765,4,False,57,2023-05-05,5gV76M8FAHa7APtrOoQbpV,If I Die Young Pt. 2,1,https://p.scdn.co/mp3-preview/76c99fd4f43bf381fec3b0427ea44b355aa5d794?cid=29942d75c20b46b9b01eb4cd31edff20
6WYo4HDHHvMJZU1lNebB3V,0.752,0.643,7,-5.561,1,0.458,0.142,0.0,0.0889,0.805,175.988,286579,4,True,73,2023-09-01,0hyOMHe8ZFK0oCZhb2xnks,Kat Food,1,
00B3cITDbSBY9GeKZvxw9M,0.73,0.55,8,-5.564,0,0.045,0.22,0.0086,0.0863,0.176,135.03,192000,4,False,44,2023-01-20,5ozui0519aka32Jj8vFp8D,Feel It,1,https://p.scdn.co/mp3-preview/0985e61ed9bfd665640a44a8c1d7fa4dac644686?cid=29942d75c20b46b9b01eb4cd31edff20
3Ty88wqL8nU5Xe6uJBP3XX,0.546,0.787,0,-4.023,0,0.212,0.396,0.0,0.0619,0.497,100.559,264473,3,False,0,2023-10-17,1oPl8hpsYF7mpqMJRHMfai,Most Streamed Rap Songs 2023,8,
3UyBvmAK2MjkCpuJtYzQ40,0.324,0.67,1,-6.051,1,0.046,0.00019,0.705,0.0817,0.14,165.657,67933,4,False,58,2023-10-04,68w73FF3dYC6C3RWdcV0Yl,THE BOOK 3,6,https://p.scdn.co/mp3-preview/e28e1b8939e3ad2ed770b4f1f3f550c8c8423bd1?cid=29942d75c20b46b9b01eb4cd31edff20
7fYI5lJNkyJMtTdhIVPy07,0.863,0.66,2,-7.016,1,0.16,0.0312,6.08e-06,0.236,0.236,92.511,155733,4,True,56,2023-06-23,6qElaeK7SHsEzb8uV8eG3D,BUSINESS IS BUSINESS,8,https://p.scdn.co/mp3-preview/627c2daf73bed56fb5fc29e6180dad8e04350bbb?cid=29942d75c20b46b9b01eb4cd31edff20
4Yrt54xR4T8PPOZ7yf9kyT,0.722,0.622,2,-5.674,0,0.0734,0.0261,0.0,0.109,0.458,91.957,164973,4,True,73,2023-09-29,0mbu9tcivddH45l4FuazT4,Yes I'm A Mess,1,
4QhnNyKDsAkXPwHkSnuc89,0.663,0.872,11,-5.056,1,0.2,0.0153,0.0,0.0519,0.626,142.951,185539,4,False,82,2023-05-01,4Oz7K9DRwwGMN49i4NbVDT,UNFORGIVEN,10,https://p.scdn.co/mp3-preview/c4b879e0473f33fc4e755747661e982af591d800?cid=29942d75c20b46b9b01eb4cd31edff20
7cP6kjAIJtIN1zyV5Q0kA9,0.692,0.461,5,-7.567,0,0.0659,0.000302,0.0,0.106,0.297,129.896,163085,4,True,60,2023-05-26,6ciIG1XKTlVIn0Yl8rvsce,Almost Healed,15,https://p.scdn.co/mp3-preview/6808a00cd92adf6b7cf3d95c89e047ba8ec5edd6?cid=29942d75c20b46b9b01eb4cd31edff20
4GvPlSOKfN7aXEuGW8zKUx,0.706,0.821,9,-2.974,1,0.0617,0.00164,0.0,0.0981,0.918,139.914,168280,4,True,76,2023-01-13,6kHJE5xnpA6zncKOD70bS8,GOSSIP (feat. Tom Morello),1,https://p.scdn.co/mp3-preview/388c9f24b9a1681a90363f392acff0b1dec8127c?cid=29942d75c20b46b9b01eb4cd31edff20
1kXlRnMZ8nvUuCYkfxn7iw,0.718,0.593,1,-8.563,0,0.127,0.000649,0.0,0.0806,0.154,149.98,142546,4,True,55,2023-05-26,6ciIG1XKTlVIn0Yl8rvsce,Almost Healed,11,https://p.scdn.co/mp3-preview/8f3196ccee5bfdec40269626a51e06b527c6508b?cid=29942d75c20b46b9b01eb4cd31edff20
2dHH3pG8xx0YOZDKyDD9eG,0.753,0.726,6,-3.209,0,0.0326,0.243,0.0,0.114,0.827,111.026,131872,1,False,71,2023-09-14,78t177uEW3g8Wx6QnxENe7,greedy,1,https://p.scdn.co/mp3-preview/f5255c142762ce99b21a069fdef63411f5a0b2d2?cid=29942d75c20b46b9b01eb4cd31edff20
3lg4wfPFpFLapRp2SiQQGd,0.593,0.918,9,-2.985,1,0.0671,0.00413,0.0,0.387,0.872,123.941,182893,4,False,63,2023-01-27,7aMF2CCGWFppLNwMZzGnY6,Drinkaby,1,https://p.scdn.co/mp3-preview/fede078ba280e528d5ca0583c2414649cf4837c5?cid=29942d75c20b46b9b01eb4cd31edff20
4r4fX4NZIqVIhGyDvERp0l,0.636,0.635,1,-10.532,1,0.0534,0.11,0.643,0.61,0.192,110.031,239213,4,False,64,2023-05-12,4mAhdh996uW5SnnFKXUmC0,Random Access Memories (10th Anniversary Edition),4,https://p.scdn.co/mp3-preview/2eb5ed45af312e78dcedf992655190bae7812dab?cid=29942d75c20b46b9b01eb4cd31edff20
0dkB3lhbWvyCq7nQTMokQ0,0.71,0.704,2,-5.286,1,0.0562,0.00192,0.0,0.167,0.374,80.023,162000,4,False,72,2023-08-25,4OIA4iFFUPeDVODUJ98tmm,THE GIRLS (BLACKPINK THE GAME OST),1,https://p.scdn.co/mp3-preview/399f47f6915ecbeb449cc3794f0f8140c7904a5e?cid=29942d75c20b46b9b01eb4cd31edff20
34pKV56b6d7Nz1l6av1nZ1,0.8,0.87,0,-5.787,0,0.0832,0.0693,0.000584,0.0742,0.434,120.06,171667,4,False,72,2023-10-05,20iyYKtw1KjMRsMZWMPpVY,HEAT,2,https://p.scdn.co/mp3-preview/f68d5cf6458529fc91c0b666e95c9c9f325c8e06?cid=29942d75c20b46b9b01eb4cd31edff20
6ezYHltHYhuJckdCsYsRJI,0.701,0.588,8,-4.059,0,0.0475,0.461,0.0,0.24,0.394,123.078,166947,4,False,79,2023-09-25,31ZO3EEc4JPomzMGed9BEV,Either Way,1,https://p.scdn.co/mp3-preview/f44ca2269e3f5222244b71a3f240459acc3186bd?cid=29942d75c20b46b9b01eb4cd31edff20
1j4yhkxSCEDmiLVKjpYKWq,0.806,0.83,7,-3.767,0,0.0981,0.117,0.0,0.101,0.663,81.01,217255,4,True,61,2023-02-16,3AucKVb9GvQ4pOGaZ8UhFK,LA HORA Y EL DÍA,1,
2dPwBKr5uJeCeyd5IoWi8W,0.619,0.564,4,-6.517,1,0.0302,0.673,0.0,0.184,0.419,129.944,220146,4,False,73,2023-06-16,1goHGZOsPNmzsJTxOIa62m,We Don't Fight Anymore,1,
7t8tewLKbGpzb1hNXmlEuM,0.591,0.903,1,-5.779,0,0.0279,0.00134,0.95,0.14,0.424,123.029,175484,4,False,47,2020-04-03,1xQq2d2Z9a0JVYu0QEhh7t,The Drama,1,https://p.scdn.co/mp3-preview/2ed960cca99c72d20d7e007c2bfab777490bf558?cid=29942d75c20b46b9b01eb4cd31edff20
1Q33JSvyx8OTTwafwCNVl8,0.763,0.481,1,-8.856,1,0.114,0.00409,0.0,0.116,0.0864,132.988,123200,4,True,57,2023-05-26,6ciIG1XKTlVIn0Yl8rvsce,Almost Healed,5,https://p.scdn.co/mp3-preview/e9a05644d7aea22f844cd622baa3e1c7f4c66352?cid=29942d75c20b46b9b01eb4cd31edff20
1j6nxlhSV1H5wFjSZoD3eF,0.605,0.204,4,-15.961,1,0.0315,0.807,0.00064,0.0739,0.0369,99.944,249000,4,False,19,2019-04-13,7xIO26T7PEwWE9QiBAhpsr,ETA? (80s Love Song),1,https://p.scdn.co/mp3-preview/8492254083c06448a56614eedcbb332e1776a6c7?cid=29942d75c20b46b9b01eb4cd31edff20
3xfW1YF4APmv88gzOhiGto,0.683,0.623,8,-6.586,1,0.0499,0.0224,0.715,0.246,0.227,120.086,177482,4,False,18,2023-04-14,0TnhG7mS2mZn0Ti7W63rys,Eurovision Song Contest Liverpool 2023 (Karaoke Version),15,
3I7vRgPmyeG9Uz7OTfWicG,0.718,0.436,5,-8.585,0,0.0422,0.0331,0.776,0.216,0.572,99.997,222707,4,False,37,2023-08-08,6zArn0lGt7ZZTCRYvbNcFf,Horizon - NCT LAB,2,https://p.scdn.co/mp3-preview/852f8aa8c7f9b456cb7bb393ae2f4d7f84b82163?cid=29942d75c20b46b9b01eb4cd31edff20
5vZdVQqvQNJAUaF4TCIoXf,0.594,0.899,7,-6.421,0,0.0394,0.114,0.704,0.188,0.561,145.031,181534,4,False,12,2023-04-14,0TnhG7mS2mZn0Ti7W63rys,Eurovision Song Contest Liverpool 2023 (Karaoke Version),17,
4fbXBeVeqzZ0SmJQcWm4St,0.695,0.673,4,-7.261,0,0.245,0.0313,0.0,0.322,0.273,80.063,192000,4,True,60,2023-05-26,6ciIG1XKTlVIn0Yl8rvsce,Almost Healed,7,https://p.scdn.co/mp3-preview/aa64b3962d4a22529968e272ffbc066310eb8c3e?cid=29942d75c20b46b9b01eb4cd31edff20
4zPqv04ddAFwk2Pgz3jC9U,0.585,0.781,9,-5.149,1,0.0688,0.029,0.0,0.436,0.288,126.098,176960,4,False,57,2023-02-25,249haOgXpuQsUSQelQ5OoE,Where You Are (Sávežan),1,https://p.scdn.co/mp3-preview/e6bcd68c954963796af96851f2455b2051f60812?cid=29942d75c20b46b9b01eb4cd31edff20
